Personal_Vehicle_Km,Public_Vehicle_Km,Plane_Journey_Count,Train_Km,Electricity_Kwh,Water_Usage_Liters,Diet_Type,Waste_Kg,Vehicle_CO2,Public_CO2,Plane_CO2,Train_CO2,Electricity_CO2,Water_CO2,Waste_CO2,Diet_CO2,Calculated_Total_CO2
41.72,12.38,1,76.28,309.35,67.39,Veg,0.77,8.76,0.62,90,1.14,253.67,0.0202,1.46,1.7,357.37
33.81,38.71,0,48.22,213.77,146.25,Veg,0.31,7.1,1.94,0,0.72,175.29,0.0439,0.59,1.7,187.38
5.0,8.78,0,224.99,174.23,200.0,Both,1.0,1.05,0.44,0,3.37,142.87,0.06,1.9,3.3,152.99
85.65,39.03,1,13.86,221.52,100.35,MostlyVeg,0.83,17.99,1.95,90,0.21,181.65,0.0301,1.58,2.5,295.9
47.94,45.9,0,67.21,240.97,118.51,Veg,0.63,10.07,2.3,0,1.01,197.6,0.0356,1.2,1.7,213.9
35.39,6.87,1,65.09,359.03,157.85,MostlyVeg,0.64,7.43,0.34,90,0.98,294.4,0.0474,1.22,2.5,396.92
75.02,13.73,0,53.08,137.24,128.18,NonVeg,0.55,15.75,0.69,0,0.8,112.54,0.0385,1.04,5.0,135.86
9.02,3.8,0,118.01,175.96,149.98,MostlyVeg,0.83,1.89,0.19,0,1.77,144.29,0.045,1.58,2.5,152.26
35.16,49.42,0,8.21,319.73,109.04,MostlyNonVeg,0.3,7.38,2.47,0,0.12,262.18,0.0327,0.57,4.2,276.96
39.23,23.42,0,52.21,102.31,80.77,Both,1.04,8.24,1.17,0,0.78,83.89,0.0242,1.98,3.3,99.39
10.52,27.18,1,86.74,337.97,154.19,Veg,0.65,2.21,1.36,90,1.3,277.14,0.0463,1.23,1.7,374.99
22.08,14.64,1,92.17,274.78,123.9,MostlyNonVeg,0.65,4.64,0.73,90,1.38,225.32,0.0372,1.23,4.2,327.54
0.0,42.05,1,157.29,293.25,153.2,MostlyVeg,0.64,0.0,2.1,90,2.36,240.46,0.046,1.22,2.5,338.69
52.37,41.91,2,0.0,400.0,156.78,MostlyNonVeg,1.15,11.0,2.1,180,0.0,328.0,0.047,2.18,4.2,527.53
0.57,51.46,0,50.17,292.35,50.89,NonVeg,0.57,0.12,2.57,0,0.75,239.73,0.0153,1.08,5.0,249.27
64.7,35.93,0,131.99,128.01,165.2,Veg,1.05,13.59,1.8,0,1.98,104.97,0.0496,2.0,1.7,126.08
4.97,7.75,0,62.22,292.23,63.05,NonVeg,0.88,1.04,0.39,0,0.93,239.63,0.0189,1.67,5.0,248.68
38.22,27.05,3,177.83,360.06,89.86,MostlyNonVeg,0.96,8.03,1.35,270,2.67,295.25,0.027,1.82,4.2,583.35
34.34,5.5,0,34.38,280.72,50.0,Veg,0.75,7.21,0.28,0,0.52,230.19,0.015,1.42,1.7,241.33
28.08,26.35,0,27.93,207.55,200.0,Veg,0.35,5.9,1.32,0,0.42,170.19,0.06,0.66,1.7,180.25
8.88,15.37,1,100.29,232.25,190.81,MostlyNonVeg,1.03,1.86,0.77,90,1.5,190.44,0.0572,1.96,4.2,290.8
2.38,17.9,1,0.0,273.48,50.0,MostlyVeg,1.18,0.5,0.9,90,0.0,224.25,0.015,2.24,2.5,320.41
0.0,22.62,0,223.84,105.47,50.0,Veg,0.87,0.0,1.13,0,3.36,86.49,0.015,1.65,1.7,94.34
53.78,41.64,0,0.0,160.4,143.11,NonVeg,1.13,11.29,2.08,0,0.0,131.53,0.0429,2.15,5.0,152.09
20.41,29.06,1,174.43,88.06,132.68,Both,0.56,4.29,1.45,90,2.62,72.21,0.0398,1.06,3.3,174.97
4.53,25.84,1,160.24,325.79,128.1,MostlyVeg,0.61,0.95,1.29,90,2.4,267.15,0.0384,1.16,2.5,365.49
42.5,35.97,1,22.26,75.82,126.12,MostlyVeg,0.67,8.92,1.8,90,0.33,62.17,0.0378,1.27,2.5,167.04
83.08,30.41,1,162.15,186.41,136.68,Both,0.92,17.45,1.52,90,2.43,152.86,0.041,1.75,3.3,269.34
0.0,31.03,0,47.61,283.36,84.12,MostlyVeg,0.72,0.0,1.55,0,0.71,232.36,0.0252,1.37,2.5,238.51
0.0,34.96,0,55.61,105.51,59.52,NonVeg,0.52,0.0,1.75,0,0.83,86.52,0.0179,0.99,5.0,95.11
55.59,33.08,0,83.12,295.07,87.78,MostlyVeg,0.55,11.67,1.65,0,1.25,241.96,0.0263,1.04,2.5,260.1
66.74,29.27,0,198.97,199.58,200.0,Both,0.35,14.02,1.46,0,2.98,163.66,0.06,0.66,3.3,186.14
30.9,39.84,0,10.95,281.13,80.78,MostlyVeg,0.57,6.49,1.99,0,0.16,230.53,0.0242,1.08,2.5,242.78
37.16,0.0,0,161.73,199.49,136.51,MostlyNonVeg,0.91,7.8,0.0,0,2.43,163.58,0.041,1.73,4.2,179.78
73.53,20.99,0,81.74,217.39,54.78,Both,0.76,15.44,1.05,0,1.23,178.26,0.0164,1.44,3.3,200.74
32.53,18.96,0,254.35,134.86,168.62,Both,0.82,6.83,0.95,0,3.82,110.59,0.0506,1.56,3.3,127.09
48.09,20.98,0,86.97,281.04,109.96,MostlyVeg,0.66,10.1,1.05,0,1.3,230.45,0.033,1.25,2.5,246.69
14.03,28.74,1,16.58,319.77,133.05,Veg,0.97,2.95,1.44,90,0.25,262.21,0.0399,1.84,1.7,360.43
26.2,6.96,0,175.66,77.43,176.67,MostlyVeg,0.89,5.5,0.35,0,2.63,63.49,0.053,1.69,2.5,76.22
27.99,0.41,0,103.65,228.27,59.86,MostlyNonVeg,1.03,5.88,0.02,0,1.55,187.18,0.018,1.96,4.2,200.81
56.21,19.62,0,63.03,164.24,73.99,MostlyNonVeg,1.27,11.8,0.98,0,0.95,134.68,0.0222,2.41,4.2,155.04
12.64,35.51,0,41.45,323.99,163.19,Both,0.56,2.65,1.78,0,0.62,265.67,0.049,1.06,3.3,275.14
29.71,0.0,0,201.13,79.93,116.7,MostlyNonVeg,1.18,6.24,0.0,0,3.02,65.54,0.035,2.24,4.2,81.28
0.0,33.28,0,156.75,340.45,57.26,Veg,0.91,0.0,1.66,0,2.35,279.17,0.0172,1.73,1.7,286.63
25.28,33.43,1,182.64,216.92,131.61,Veg,0.7,5.31,1.67,90,2.74,177.87,0.0395,1.33,1.7,280.66
0.0,31.01,0,125.57,179.83,110.31,MostlyVeg,0.3,0.0,1.55,0,1.88,147.46,0.0331,0.57,2.5,154.0
24.12,12.79,0,3.76,140.38,141.12,Veg,0.58,5.07,0.64,0,0.06,115.11,0.0423,1.1,1.7,123.72
25.94,26.8,1,64.38,250.0,88.05,MostlyVeg,0.63,5.45,1.34,90,0.97,205.0,0.0264,1.2,2.5,306.48
0.0,36.35,2,59.03,310.71,156.78,MostlyNonVeg,1.19,0.0,1.82,180,0.89,254.78,0.047,2.26,4.2,443.99
49.01,44.63,0,87.88,279.54,116.4,NonVeg,0.96,10.29,2.23,0,1.32,229.22,0.0349,1.82,5.0,249.92
87.26,42.06,0,51.36,270.71,102.79,Veg,1.31,18.32,2.1,0,0.77,221.98,0.0308,2.49,1.7,247.4
0.0,31.77,0,66.23,219.57,180.01,Veg,0.99,0.0,1.59,0,0.99,180.05,0.054,1.88,1.7,186.26
52.26,22.63,0,86.56,169.17,200.0,Veg,0.51,10.97,1.13,0,1.3,138.72,0.06,0.97,1.7,154.85
43.16,26.23,0,224.62,264.96,187.76,Both,0.87,9.06,1.31,0,3.37,217.27,0.0563,1.65,3.3,236.02
46.68,37.22,0,161.71,264.72,159.51,Veg,0.84,9.8,1.86,0,2.43,217.07,0.0479,1.6,1.7,234.5
21.64,26.1,1,43.73,249.4,135.16,Veg,0.8,4.54,1.31,90,0.66,204.51,0.0405,1.52,1.7,304.27
46.8,7.74,2,57.0,400.0,75.45,Veg,0.61,9.83,0.39,180,0.86,328.0,0.0226,1.16,1.7,521.95
21.96,26.53,0,151.3,103.84,176.46,MostlyVeg,1.04,4.61,1.33,0,2.27,85.15,0.0529,1.98,2.5,97.89
84.14,27.75,0,0.0,93.04,113.95,MostlyVeg,0.72,17.67,1.39,0,0.0,76.29,0.0342,1.37,2.5,99.25
32.87,2.48,0,0.0,195.21,147.3,Veg,0.69,6.9,0.12,0,0.0,160.07,0.0442,1.31,1.7,170.15
60.21,37.17,0,173.07,263.63,90.06,Veg,1.5,12.64,1.86,0,2.6,216.18,0.027,2.85,1.7,237.85
81.25,20.26,0,0.0,214.72,89.71,Veg,0.64,17.06,1.01,0,0.0,176.07,0.0269,1.22,1.7,197.09
45.06,27.63,0,34.59,131.93,86.28,Veg,0.58,9.46,1.38,0,0.52,108.18,0.0259,1.1,1.7,122.37
24.19,33.9,0,51.06,240.45,117.99,MostlyVeg,0.3,5.08,1.7,0,0.77,197.17,0.0354,0.57,2.5,207.82
0.0,23.3,0,190.72,300.83,153.29,MostlyNonVeg,0.42,0.0,1.16,0,2.86,246.68,0.046,0.8,4.2,255.75
47.17,30.03,0,52.53,120.69,112.64,MostlyNonVeg,1.28,9.91,1.5,0,0.79,98.97,0.0338,2.43,4.2,117.83
29.09,1.07,0,41.97,209.08,50.0,MostlyNonVeg,0.79,6.11,0.05,0,0.63,171.45,0.015,1.5,4.2,183.95
41.66,39.17,0,172.27,247.77,160.65,Both,1.35,8.75,1.96,0,2.58,203.17,0.0482,2.56,3.3,222.38
83.99,16.16,1,0.0,224.25,79.84,Veg,0.84,17.64,0.81,90,0.0,183.88,0.024,1.6,1.7,295.65
9.98,25.69,1,4.84,189.78,189.64,NonVeg,0.3,2.1,1.28,90,0.07,155.62,0.0569,0.57,5.0,254.7
45.16,45.02,0,140.78,370.15,124.72,MostlyNonVeg,1.07,9.48,2.25,0,2.11,303.52,0.0374,2.03,4.2,323.64
28.49,40.1,1,220.4,400.0,114.16,Veg,0.72,5.98,2.01,90,3.31,328.0,0.0342,1.37,1.7,432.4
50.13,43.27,1,32.41,241.7,127.81,MostlyVeg,0.95,10.53,2.16,90,0.49,198.19,0.0383,1.8,2.5,305.71
30.19,38.26,0,33.79,222.61,138.0,MostlyVeg,1.23,6.34,1.91,0,0.51,182.54,0.0414,2.34,2.5,196.18
61.83,24.46,0,78.75,276.15,50.0,Both,0.66,12.98,1.22,0,1.18,226.44,0.015,1.25,3.3,246.4
36.58,21.62,2,38.16,263.14,135.95,Veg,0.67,7.68,1.08,180,0.57,215.77,0.0408,1.27,1.7,408.12
10.37,16.45,1,236.96,201.48,122.42,MostlyVeg,0.3,2.18,0.82,90,3.55,165.21,0.0367,0.57,2.5,264.87
80.12,13.55,0,149.54,98.79,119.0,MostlyVeg,1.38,16.83,0.68,0,2.24,81.01,0.0357,2.62,2.5,105.91
57.37,6.9,0,5.9,155.55,131.37,Both,0.91,12.05,0.34,0,0.09,127.55,0.0394,1.73,3.3,145.1
39.12,36.58,0,79.05,197.32,131.61,NonVeg,0.82,8.22,1.83,0,1.19,161.8,0.0395,1.56,5.0,179.63
59.24,24.69,0,123.07,169.18,159.05,MostlyVeg,1.25,12.44,1.23,0,1.85,138.73,0.0477,2.38,2.5,159.17
53.37,28.78,2,140.9,308.87,129.93,Veg,0.95,11.21,1.44,180,2.11,253.27,0.039,1.8,1.7,451.58
46.08,45.52,1,146.91,229.41,84.1,MostlyVeg,1.09,9.68,2.28,90,2.2,188.12,0.0252,2.07,2.5,296.87
51.99,36.97,0,111.97,284.32,77.39,NonVeg,1.26,10.92,1.85,0,1.68,233.14,0.0232,2.39,5.0,255.01
48.98,36.49,0,99.1,204.49,143.3,NonVeg,0.66,10.29,1.82,0,1.49,167.68,0.043,1.25,5.0,187.58
34.42,28.76,1,22.78,361.19,56.11,MostlyNonVeg,0.61,7.23,1.44,90,0.34,296.18,0.0168,1.16,4.2,400.56
64.87,44.27,0,110.54,274.53,158.83,NonVeg,0.96,13.62,2.21,0,1.66,225.11,0.0476,1.82,5.0,249.48
68.51,14.56,0,112.37,188.64,62.05,Both,1.35,14.39,0.73,0,1.69,154.68,0.0186,2.56,3.3,177.37
31.35,31.56,2,211.59,176.01,66.6,NonVeg,0.4,6.58,1.58,180,3.17,144.33,0.02,0.76,5.0,341.44
76.72,46.85,0,202.36,204.25,66.71,NonVeg,1.02,16.11,2.34,0,3.04,167.48,0.02,1.94,5.0,195.93
41.02,48.7,1,46.79,145.02,169.26,Veg,0.67,8.61,2.44,90,0.7,118.92,0.0508,1.27,1.7,223.69
14.13,32.35,0,34.94,263.5,175.05,Veg,1.34,2.97,1.62,0,0.52,216.07,0.0525,2.55,1.7,225.48
12.07,15.35,0,135.25,260.45,152.52,NonVeg,0.88,2.53,0.77,0,2.03,213.57,0.0458,1.67,5.0,225.62
69.97,33.63,3,70.49,289.89,148.49,Both,0.88,14.69,1.68,270,1.06,237.71,0.0445,1.67,3.3,530.16
61.45,35.71,0,0.28,234.39,172.75,Both,0.97,12.9,1.79,0,0.0,192.2,0.0518,1.84,3.3,212.09
1.88,46.86,0,165.22,320.31,88.57,Both,1.01,0.39,2.34,0,2.48,262.65,0.0266,1.92,3.3,273.12
25.13,11.36,0,0.0,361.05,200.0,Veg,0.3,5.28,0.57,0,0.0,296.06,0.06,0.57,1.7,304.24
42.79,42.92,0,0.0,107.35,174.35,Veg,0.75,8.99,2.15,0,0.0,88.03,0.0523,1.42,1.7,102.34
25.07,40.42,1,129.58,238.13,122.75,MostlyVeg,0.81,5.26,2.02,90,1.94,195.27,0.0368,1.54,2.5,298.57
22.43,37.4,0,300.0,210.71,122.57,Both,0.99,4.71,1.87,0,4.5,172.78,0.0368,1.88,3.3,189.08
2.1,13.53,3,128.42,400.0,50.0,MostlyVeg,0.85,0.44,0.68,270,1.93,328.0,0.015,1.62,2.5,605.17
37.91,28.78,0,236.82,159.21,106.87,MostlyNonVeg,0.56,7.96,1.44,0,3.55,130.55,0.0321,1.06,4.2,148.8
45.59,16.0,1,0.0,218.41,200.0,MostlyNonVeg,0.49,9.57,0.8,90,0.0,179.1,0.06,0.93,4.2,284.66
50.42,20.15,0,108.37,135.78,132.58,MostlyNonVeg,0.86,10.59,1.01,0,1.63,111.34,0.0398,1.63,4.2,130.43
0.0,17.06,0,125.05,190.03,167.14,MostlyVeg,0.44,0.0,0.85,0,1.88,155.82,0.0501,0.84,2.5,161.94
55.49,18.86,2,92.58,247.14,199.24,Both,1.26,11.65,0.94,180,1.39,202.65,0.0598,2.39,3.3,402.39
46.46,45.25,1,89.86,252.65,50.0,Veg,1.08,9.76,2.26,90,1.35,207.17,0.015,2.05,1.7,314.31
24.58,17.73,0,158.13,203.23,84.05,MostlyVeg,0.52,5.16,0.89,0,2.37,166.65,0.0252,0.99,2.5,178.58
78.78,15.39,1,0.0,338.34,200.0,Both,0.64,16.54,0.77,90,0.0,277.44,0.06,1.22,3.3,389.33
48.74,28.34,2,151.22,293.23,178.01,Veg,0.86,10.24,1.42,180,2.27,240.45,0.0534,1.63,1.7,437.76
31.64,12.77,0,231.81,71.26,95.24,MostlyNonVeg,1.08,6.64,0.64,0,3.48,58.43,0.0286,2.05,4.2,75.47
100.0,22.66,0,88.62,151.29,191.63,MostlyVeg,0.93,21.0,1.13,0,1.33,124.06,0.0575,1.77,2.5,151.84
1.53,38.21,0,26.25,323.42,87.92,Both,0.69,0.32,1.91,0,0.39,265.2,0.0264,1.31,3.3,272.47
33.14,24.01,0,140.1,314.15,123.72,MostlyNonVeg,0.34,6.96,1.2,0,2.1,257.6,0.0371,0.65,4.2,272.75
98.08,58.06,0,37.63,305.87,182.59,MostlyVeg,0.85,20.6,2.9,0,0.56,250.81,0.0548,1.62,2.5,279.05
37.1,18.29,0,69.56,148.75,148.22,Both,0.37,7.79,0.91,0,1.04,121.98,0.0445,0.7,3.3,135.77
49.78,34.51,0,101.32,236.25,50.0,MostlyVeg,0.38,10.45,1.73,0,1.52,193.72,0.015,0.72,2.5,210.66
46.05,20.16,0,183.22,131.55,200.0,Both,1.09,9.67,1.01,0,2.75,107.87,0.06,2.07,3.3,126.73
47.04,41.64,0,168.0,256.06,174.34,Veg,0.86,9.88,2.08,0,2.52,209.97,0.0523,1.63,1.7,227.84
97.79,39.53,2,145.38,266.5,106.63,Veg,0.57,20.54,1.98,180,2.18,218.53,0.032,1.08,1.7,426.04
0.0,48.62,2,54.3,315.11,78.44,Veg,0.85,0.0,2.43,180,0.81,258.39,0.0235,1.62,1.7,444.97
21.99,8.88,0,226.55,118.15,178.67,MostlyNonVeg,0.81,4.62,0.44,0,3.4,96.88,0.0536,1.54,4.2,111.14
65.74,19.36,1,190.02,254.46,199.34,MostlyNonVeg,0.61,13.81,0.97,90,2.85,208.66,0.0598,1.16,4.2,321.7
43.23,19.39,0,110.41,162.83,172.83,MostlyVeg,0.66,9.08,0.97,0,1.66,133.52,0.0518,1.25,2.5,149.03
63.76,24.19,0,0.95,88.0,50.0,MostlyNonVeg,0.41,13.39,1.21,0,0.01,72.16,0.015,0.78,4.2,91.77
9.89,46.13,1,118.31,189.5,118.95,Both,1.15,2.08,2.31,90,1.77,155.39,0.0357,2.18,3.3,257.07
35.54,45.55,0,0.0,251.18,133.32,MostlyNonVeg,0.3,7.46,2.28,0,0.0,205.97,0.04,0.57,4.2,220.52
46.94,21.55,1,28.8,387.94,68.31,MostlyNonVeg,0.56,9.86,1.08,90,0.43,318.11,0.0205,1.06,4.2,424.76
68.98,0.0,0,50.18,186.74,189.69,MostlyVeg,1.42,14.49,0.0,0,0.75,153.13,0.0569,2.7,2.5,173.62
11.36,44.99,0,77.82,162.29,180.77,MostlyVeg,1.12,2.39,2.25,0,1.17,133.08,0.0542,2.13,2.5,143.56
64.21,38.14,2,0.0,252.2,147.14,NonVeg,1.1,13.48,1.91,180,0.0,206.8,0.0441,2.09,5.0,409.33
43.47,48.45,0,44.45,134.1,160.41,MostlyVeg,0.67,9.13,2.42,0,0.67,109.96,0.0481,1.27,2.5,126.0
38.5,26.67,2,249.24,168.39,50.0,Veg,1.03,8.08,1.33,180,3.74,138.08,0.015,1.96,1.7,334.91
31.49,49.43,0,72.73,180.76,191.85,MostlyVeg,0.43,6.61,2.47,0,1.09,148.22,0.0576,0.82,2.5,161.77
75.05,15.39,0,65.92,92.64,116.25,Both,0.9,15.76,0.77,0,0.99,75.96,0.0349,1.71,3.3,98.53
52.9,39.78,0,102.48,206.61,66.42,Both,0.75,11.11,1.99,0,1.54,169.42,0.0199,1.42,3.3,188.8
55.59,30.45,1,190.23,391.21,87.01,NonVeg,0.66,11.67,1.52,90,2.85,320.79,0.0261,1.25,5.0,433.12
88.37,41.48,0,58.81,357.81,113.76,NonVeg,0.92,18.56,2.07,0,0.88,293.4,0.0341,1.75,5.0,321.7
81.49,35.75,0,217.87,75.68,106.71,Both,0.3,17.11,1.79,0,3.27,62.06,0.032,0.57,3.3,88.13
52.91,28.94,1,103.59,371.65,102.53,Both,0.91,11.11,1.45,90,1.55,304.75,0.0308,1.73,3.3,413.92
32.21,0.0,0,58.31,187.21,51.72,MostlyVeg,0.62,6.76,0.0,0,0.87,153.51,0.0155,1.18,2.5,164.84
27.42,28.21,0,221.58,274.08,200.0,MostlyNonVeg,0.89,5.76,1.41,0,3.32,224.75,0.06,1.69,4.2,241.19
3.0,30.05,0,198.44,339.16,103.34,Veg,1.01,0.63,1.5,0,2.98,278.11,0.031,1.92,1.7,286.87
18.37,20.1,0,50.27,181.37,151.31,MostlyNonVeg,0.91,3.86,1.01,0,0.75,148.72,0.0454,1.73,4.2,160.31
65.6,4.76,0,76.95,159.83,113.88,MostlyVeg,0.75,13.78,0.24,0,1.15,131.06,0.0342,1.42,2.5,150.19
35.92,19.3,0,104.63,184.48,107.45,Veg,0.86,7.54,0.97,0,1.57,151.27,0.0322,1.63,1.7,164.72
35.38,3.89,1,0.0,275.57,86.58,Veg,0.3,7.43,0.19,90,0.0,225.97,0.026,0.57,1.7,325.89
22.88,27.99,2,104.72,331.01,155.53,NonVeg,0.96,4.8,1.4,180,1.57,271.43,0.0467,1.82,5.0,466.07
22.26,20.24,1,147.49,212.62,75.82,Veg,0.3,4.67,1.01,90,2.21,174.35,0.0227,0.57,1.7,274.54
47.23,32.05,0,137.2,242.79,67.11,Both,0.81,9.92,1.6,0,2.06,199.09,0.0201,1.54,3.3,217.53
30.44,31.72,1,136.6,260.22,144.28,NonVeg,0.77,6.39,1.59,90,2.05,213.38,0.0433,1.46,5.0,319.91
44.84,6.44,1,2.15,400.0,142.42,NonVeg,0.62,9.42,0.32,90,0.03,328.0,0.0427,1.18,5.0,433.99
66.82,0.0,0,43.18,187.15,95.99,Veg,0.63,14.03,0.0,0,0.65,153.46,0.0288,1.2,1.7,171.07
68.21,11.44,1,0.0,319.25,159.2,MostlyNonVeg,0.87,14.32,0.57,90,0.0,261.78,0.0478,1.65,4.2,372.58
26.14,28.11,0,124.39,50.0,124.49,MostlyVeg,0.53,5.49,1.41,0,1.87,41.0,0.0373,1.01,2.5,53.31
68.89,25.4,0,108.98,147.76,137.4,MostlyVeg,0.79,14.47,1.27,0,1.63,121.16,0.0412,1.5,2.5,142.58
20.76,5.12,3,166.33,313.34,50.0,MostlyVeg,1.16,4.36,0.26,270,2.49,256.94,0.015,2.2,2.5,538.77
4.65,18.0,0,105.95,175.87,106.52,MostlyNonVeg,0.6,0.98,0.9,0,1.59,144.21,0.032,1.14,4.2,153.05
50.18,6.63,1,91.56,212.64,121.48,MostlyVeg,1.26,10.54,0.33,90,1.37,174.36,0.0364,2.39,2.5,281.54
65.93,25.33,2,0.0,275.44,68.85,NonVeg,1.24,13.85,1.27,180,0.0,225.86,0.0207,2.36,5.0,428.35
15.39,4.57,1,63.08,382.17,139.43,Veg,0.84,3.23,0.23,90,0.95,313.38,0.0418,1.6,1.7,411.12
64.25,39.37,1,84.97,121.6,197.71,NonVeg,0.43,13.49,1.97,90,1.27,99.71,0.0593,0.82,5.0,212.32
34.75,25.05,0,161.92,226.12,171.06,Both,0.53,7.3,1.25,0,2.43,185.42,0.0513,1.01,3.3,200.76
32.66,28.88,3,205.42,353.63,116.71,NonVeg,0.54,6.86,1.44,270,3.08,289.98,0.035,1.03,5.0,577.42
46.42,34.75,0,144.58,50.0,102.54,MostlyNonVeg,0.41,9.75,1.74,0,2.17,41.0,0.0308,0.78,4.2,59.66
90.26,7.51,0,116.4,204.93,175.57,Both,0.99,18.95,0.38,0,1.75,168.04,0.0527,1.88,3.3,194.35
83.66,41.45,1,70.72,249.03,189.36,MostlyNonVeg,0.62,17.57,2.07,90,1.06,204.2,0.0568,1.18,4.2,320.34
80.28,21.15,0,118.33,159.99,176.79,MostlyVeg,1.05,16.86,1.06,0,1.77,131.19,0.053,2.0,2.5,155.43
57.42,23.58,2,139.59,324.02,92.6,MostlyVeg,1.21,12.06,1.18,180,2.09,265.7,0.0278,2.3,2.5,465.85
52.84,22.41,1,0.0,201.15,134.52,NonVeg,1.49,11.1,1.12,90,0.0,164.94,0.0404,2.83,5.0,275.03
17.17,8.27,0,168.75,127.18,155.08,Veg,0.92,3.61,0.41,0,2.53,104.29,0.0465,1.75,1.7,114.33
48.52,53.34,0,57.29,300.3,54.89,Veg,1.5,10.19,2.67,0,0.86,246.25,0.0165,2.85,1.7,264.53
52.08,0.0,1,0.0,208.59,52.22,Veg,0.64,10.94,0.0,90,0.0,171.04,0.0157,1.22,1.7,274.91
73.47,15.53,1,69.81,96.01,91.17,Veg,0.96,15.43,0.78,90,1.05,78.73,0.0274,1.82,1.7,189.53
45.31,40.08,0,149.42,133.69,59.3,Both,1.08,9.52,2.0,0,2.24,109.63,0.0178,2.05,3.3,128.76
68.95,18.53,0,20.88,243.94,83.84,Veg,0.83,14.48,0.93,0,0.31,200.03,0.0252,1.58,1.7,219.05
58.29,53.17,0,100.47,222.78,153.4,MostlyNonVeg,0.35,12.24,2.66,0,1.51,182.68,0.046,0.66,4.2,204.0
26.44,20.44,0,129.87,343.33,149.41,MostlyNonVeg,0.76,5.55,1.02,0,1.95,281.53,0.0448,1.44,4.2,295.74
32.8,0.0,3,114.04,272.6,112.7,MostlyNonVeg,0.42,6.89,0.0,270,1.71,223.53,0.0338,0.8,4.2,507.16
24.56,34.16,3,0.49,400.0,50.0,MostlyNonVeg,0.38,5.16,1.71,270,0.01,328.0,0.015,0.72,4.2,609.81
20.3,11.56,1,192.19,309.12,113.11,Veg,0.94,4.26,0.58,90,2.88,253.48,0.0339,1.79,1.7,354.72
42.09,7.33,2,50.2,331.24,100.26,MostlyVeg,0.78,8.84,0.37,180,0.75,271.62,0.0301,1.48,2.5,465.59
8.91,11.37,0,0.0,120.49,107.6,Veg,0.87,1.87,0.57,0,0.0,98.8,0.0323,1.65,1.7,104.63
30.53,43.76,2,96.19,245.61,133.65,Both,0.66,6.41,2.19,180,1.44,201.4,0.0401,1.25,3.3,396.04
99.01,19.81,0,44.62,254.8,169.7,Both,0.3,20.79,0.99,0,0.67,208.94,0.0509,0.57,3.3,235.31
42.69,42.28,0,30.65,251.94,113.48,Both,0.93,8.96,2.11,0,0.46,206.59,0.034,1.77,3.3,223.23
41.06,49.41,2,84.82,400.0,50.0,Both,1.26,8.62,2.47,180,1.27,328.0,0.015,2.39,3.3,526.07
27.11,18.4,0,67.9,280.39,121.3,NonVeg,0.44,5.69,0.92,0,1.02,229.92,0.0364,0.84,5.0,243.42
6.98,12.98,0,106.26,305.39,173.28,Both,0.63,1.47,0.65,0,1.59,250.42,0.052,1.2,3.3,258.68
66.39,0.0,0,155.73,240.09,125.0,Veg,0.82,13.94,0.0,0,2.34,196.87,0.0375,1.56,1.7,216.45
8.06,33.14,0,93.37,215.13,80.33,NonVeg,0.57,1.69,1.66,0,1.4,176.41,0.0241,1.08,5.0,187.26
98.95,12.03,0,0.0,226.66,126.57,Both,0.63,20.78,0.6,0,0.0,185.86,0.038,1.2,3.3,211.78
21.29,17.15,0,127.21,148.84,126.31,MostlyNonVeg,0.63,4.47,0.86,0,1.91,122.05,0.0379,1.2,4.2,134.72
2.27,23.94,0,22.31,278.24,166.01,NonVeg,0.45,0.48,1.2,0,0.33,228.16,0.0498,0.86,5.0,236.07
28.18,27.94,0,162.06,284.54,113.59,Veg,0.71,5.92,1.4,0,2.43,233.32,0.0341,1.35,1.7,246.15
21.7,40.8,0,19.49,155.25,165.37,Veg,0.45,4.56,2.04,0,0.29,127.3,0.0496,0.86,1.7,136.8
63.26,0.0,1,153.9,125.03,82.25,Veg,0.59,13.28,0.0,90,2.31,102.52,0.0247,1.12,1.7,210.96
43.05,0.77,3,78.75,377.87,97.99,Veg,0.92,9.04,0.04,270,1.18,309.85,0.0294,1.75,1.7,593.59
27.86,59.43,2,0.0,332.06,66.46,Both,1.0,5.85,2.97,180,0.0,272.29,0.0199,1.9,3.3,466.33
55.99,17.45,1,56.11,239.0,150.33,MostlyVeg,0.66,11.76,0.87,90,0.84,195.98,0.0451,1.25,2.5,303.25
73.58,20.13,2,138.8,317.57,119.55,MostlyNonVeg,0.98,15.45,1.01,180,2.08,260.41,0.0359,1.86,4.2,465.05
47.87,16.42,0,90.77,174.79,68.35,Veg,0.3,10.05,0.82,0,1.36,143.33,0.0205,0.57,1.7,157.85
12.95,16.09,0,178.64,110.02,200.0,MostlyNonVeg,0.7,2.72,0.8,0,2.68,90.22,0.06,1.33,4.2,102.01
57.49,52.69,0,123.61,275.5,50.0,MostlyNonVeg,0.81,12.07,2.63,0,1.85,225.91,0.015,1.54,4.2,248.23
66.38,37.36,0,106.6,197.1,200.0,MostlyVeg,0.86,13.94,1.87,0,1.6,161.62,0.06,1.63,2.5,183.22
79.62,7.87,0,195.49,299.71,139.05,Veg,1.26,16.72,0.39,0,2.93,245.76,0.0417,2.39,1.7,269.94
63.36,22.63,0,102.79,214.08,178.18,MostlyVeg,1.15,13.31,1.13,0,1.54,175.55,0.0535,2.18,2.5,196.26
61.02,21.16,1,160.68,364.38,69.71,MostlyNonVeg,1.39,12.81,1.06,90,2.41,298.79,0.0209,2.64,4.2,411.94
1.95,0.0,0,150.63,264.63,154.58,Veg,0.41,0.41,0.0,0,2.26,217.0,0.0464,0.78,1.7,222.19
62.94,52.07,3,60.39,177.98,171.86,Both,0.9,13.22,2.6,270,0.91,145.94,0.0516,1.71,3.3,437.73
38.23,0.0,0,111.98,193.79,108.82,NonVeg,0.92,8.03,0.0,0,1.68,158.91,0.0326,1.75,5.0,175.4
78.32,21.84,0,135.13,261.33,133.51,MostlyVeg,0.68,16.45,1.09,0,2.03,214.29,0.0401,1.29,2.5,237.69
58.51,42.29,1,171.72,189.51,50.0,Both,0.82,12.29,2.11,90,2.58,155.4,0.015,1.56,3.3,267.25
59.0,16.96,0,85.05,185.98,142.37,Both,0.95,12.39,0.85,0,1.28,152.5,0.0427,1.8,3.3,172.17
49.72,21.06,0,109.22,162.32,50.0,NonVeg,0.36,10.44,1.05,0,1.64,133.1,0.015,0.68,5.0,151.93
35.17,47.32,0,92.92,133.58,145.44,Both,0.95,7.39,2.37,0,1.39,109.54,0.0436,1.8,3.3,125.83
32.26,0.0,0,101.68,342.83,186.46,NonVeg,0.75,6.77,0.0,0,1.53,281.12,0.0559,1.42,5.0,295.9
65.82,22.96,1,205.34,209.82,187.07,NonVeg,0.71,13.82,1.15,90,3.08,172.05,0.0561,1.35,5.0,286.51
57.92,12.81,0,25.35,194.89,104.91,MostlyNonVeg,1.2,12.16,0.64,0,0.38,159.81,0.0315,2.28,4.2,179.51
9.61,12.08,1,78.39,168.34,131.55,MostlyNonVeg,0.89,2.02,0.6,90,1.18,138.04,0.0395,1.69,4.2,237.77
12.08,39.62,1,0.0,240.93,128.09,MostlyVeg,0.38,2.54,1.98,90,0.0,197.56,0.0384,0.72,2.5,295.34
40.63,36.92,0,109.09,84.69,90.69,Veg,1.11,8.53,1.85,0,1.64,69.45,0.0272,2.11,1.7,85.3
50.84,16.71,0,100.93,111.41,200.0,MostlyVeg,0.3,10.68,0.84,0,1.51,91.36,0.06,0.57,2.5,107.51
13.52,37.58,0,219.05,51.4,109.65,MostlyNonVeg,0.78,2.84,1.88,0,3.29,42.15,0.0329,1.48,4.2,55.87
27.1,42.41,1,245.98,370.93,101.58,Veg,0.91,5.69,2.12,90,3.69,304.16,0.0305,1.73,1.7,409.12
43.03,29.99,1,273.47,212.28,84.32,Veg,0.92,9.04,1.5,90,4.1,174.07,0.0253,1.75,1.7,282.18
40.24,0.0,1,94.3,332.9,174.59,MostlyVeg,0.43,8.45,0.0,90,1.41,272.98,0.0524,0.82,2.5,376.21
35.38,31.11,0,166.14,73.18,81.96,Both,1.22,7.43,1.56,0,2.49,60.01,0.0246,2.32,3.3,77.13
45.8,16.01,1,110.93,189.32,126.33,Veg,0.45,9.62,0.8,90,1.66,155.24,0.0379,0.86,1.7,259.92
28.57,27.8,0,108.7,265.68,141.67,Both,0.76,6.0,1.39,0,1.63,217.86,0.0425,1.44,3.3,231.66
76.14,13.61,3,204.77,400.0,158.67,MostlyNonVeg,0.54,15.99,0.68,270,3.07,328.0,0.0476,1.03,4.2,623.02
41.38,48.24,0,49.2,118.89,173.88,MostlyNonVeg,0.3,8.69,2.41,0,0.74,97.49,0.0522,0.57,4.2,114.15
77.55,23.73,1,122.75,373.31,128.76,Veg,0.33,16.29,1.19,90,1.84,306.11,0.0386,0.63,1.7,417.79
60.43,36.35,1,122.86,233.92,126.47,MostlyNonVeg,0.3,12.69,1.82,90,1.84,191.81,0.0379,0.57,4.2,302.97
25.38,40.46,3,139.41,269.47,83.18,MostlyVeg,0.55,5.33,2.02,270,2.09,220.97,0.025,1.04,2.5,503.98
7.0,15.28,1,13.66,355.79,186.34,Veg,0.99,1.47,0.76,90,0.2,291.75,0.0559,1.88,1.7,387.82
17.12,51.82,2,99.67,136.93,81.78,Veg,0.51,3.6,2.59,180,1.5,112.28,0.0245,0.97,1.7,302.66
55.77,17.44,1,206.45,257.17,200.0,MostlyNonVeg,0.54,11.71,0.87,90,3.1,210.88,0.06,1.03,4.2,321.85
43.75,8.5,2,100.29,371.77,120.61,MostlyVeg,1.28,9.19,0.43,180,1.5,304.85,0.0362,2.43,2.5,500.94
59.53,35.68,0,125.81,205.91,69.9,MostlyVeg,1.48,12.5,1.78,0,1.89,168.85,0.021,2.81,2.5,190.35
28.77,8.23,0,16.1,50.0,50.0,Both,0.91,6.04,0.41,0,0.24,41.0,0.015,1.73,3.3,52.74
28.85,28.65,0,99.21,251.28,50.0,NonVeg,0.3,6.06,1.43,0,1.49,206.05,0.015,0.57,5.0,220.61
23.95,10.57,0,18.84,238.85,134.67,MostlyVeg,0.31,5.03,0.53,0,0.28,195.86,0.0404,0.59,2.5,204.83
77.35,17.23,1,151.74,301.81,150.88,MostlyVeg,0.63,16.24,0.86,90,2.28,247.48,0.0453,1.2,2.5,360.61
48.52,34.44,2,103.18,342.98,97.18,Both,0.62,10.19,1.72,180,1.55,281.24,0.0292,1.18,3.3,479.21
28.83,8.47,0,0.0,187.67,152.34,NonVeg,1.02,6.05,0.42,0,0.0,153.89,0.0457,1.94,5.0,167.35
38.23,47.48,0,0.0,287.84,135.16,MostlyNonVeg,1.0,8.03,2.37,0,0.0,236.03,0.0405,1.9,4.2,252.57
54.8,0.0,0,44.26,260.67,150.33,NonVeg,0.95,11.51,0.0,0,0.66,213.75,0.0451,1.8,5.0,232.77
19.78,39.08,0,217.19,226.58,167.94,Both,0.86,4.15,1.95,0,3.26,185.8,0.0504,1.63,3.3,200.15
15.18,12.78,0,92.19,209.54,127.55,MostlyVeg,0.87,3.19,0.64,0,1.38,171.82,0.0383,1.65,2.5,181.22
26.62,43.58,2,34.18,227.82,74.23,Veg,0.51,5.59,2.18,180,0.51,186.81,0.0223,0.97,1.7,377.79
65.61,31.09,2,105.6,159.73,158.95,NonVeg,1.08,13.78,1.55,180,1.58,130.98,0.0477,2.05,5.0,334.99
43.04,7.62,1,99.76,317.57,118.85,MostlyVeg,0.9,9.04,0.38,90,1.5,260.41,0.0357,1.71,2.5,365.57
45.48,36.24,0,70.11,353.7,200.0,Veg,0.65,9.55,1.81,0,1.05,290.03,0.06,1.23,1.7,305.44
29.22,11.63,0,206.99,151.88,60.61,Both,0.84,6.14,0.58,0,3.1,124.54,0.0182,1.6,3.3,139.28
6.34,60.14,0,54.91,204.43,154.97,NonVeg,0.8,1.33,3.01,0,0.82,167.63,0.0465,1.52,5.0,179.36
58.77,34.68,1,155.26,283.36,86.51,MostlyNonVeg,0.86,12.34,1.73,90,2.33,232.36,0.026,1.63,4.2,344.62
14.42,28.5,1,81.92,256.66,174.45,Veg,0.34,3.03,1.42,90,1.23,210.46,0.0523,0.65,1.7,308.54
35.6,29.07,0,62.78,203.4,97.95,Veg,0.62,7.48,1.45,0,0.94,166.79,0.0294,1.18,1.7,179.57
54.31,29.77,1,124.47,239.97,162.13,NonVeg,0.33,11.41,1.49,90,1.87,196.78,0.0486,0.63,5.0,307.21
44.29,8.02,0,152.28,279.4,75.1,Veg,0.53,9.3,0.4,0,2.28,229.11,0.0225,1.01,1.7,243.82
55.97,26.06,0,15.97,99.84,59.05,MostlyNonVeg,0.82,11.75,1.3,0,0.24,81.87,0.0177,1.56,4.2,100.94
44.09,54.18,1,32.19,281.11,103.34,Both,0.82,9.26,2.71,90,0.48,230.51,0.031,1.56,3.3,337.85
73.69,0.0,0,138.86,203.79,50.0,MostlyNonVeg,0.57,15.47,0.0,0,2.08,167.11,0.015,1.08,4.2,189.96
53.5,33.52,0,0.0,251.5,131.59,MostlyVeg,0.75,11.24,1.68,0,0.0,206.23,0.0395,1.42,2.5,223.11
49.15,31.3,0,108.46,59.39,149.76,Both,1.15,10.32,1.57,0,1.63,48.7,0.0449,2.18,3.3,67.74
60.21,36.34,1,134.19,261.35,142.46,MostlyVeg,0.88,12.64,1.82,90,2.01,214.31,0.0427,1.67,2.5,325.0
65.93,47.57,0,193.31,249.58,66.72,Veg,0.78,13.85,2.38,0,2.9,204.66,0.02,1.48,1.7,226.98
6.51,0.0,1,106.9,289.76,200.0,Both,0.64,1.37,0.0,90,1.6,237.6,0.06,1.22,3.3,335.15
44.43,25.61,0,75.97,238.04,133.99,Both,0.85,9.33,1.28,0,1.14,195.19,0.0402,1.62,3.3,211.9
73.94,20.95,1,0.0,194.4,144.66,Veg,0.73,15.53,1.05,90,0.0,159.41,0.0434,1.39,1.7,269.11
38.32,10.75,1,151.43,354.77,163.36,MostlyNonVeg,0.8,8.05,0.54,90,2.27,290.91,0.049,1.52,4.2,397.54
72.54,3.79,1,68.7,352.78,92.23,Both,0.53,15.23,0.19,90,1.03,289.28,0.0277,1.01,3.3,400.07
67.1,29.41,0,109.81,123.14,52.35,Veg,1.07,14.09,1.47,0,1.65,100.97,0.0157,2.03,1.7,121.93
0.0,0.0,0,148.78,187.62,200.0,Veg,0.78,0.0,0.0,0,2.23,153.85,0.06,1.48,1.7,159.32
51.62,18.71,0,32.6,208.5,71.0,MostlyNonVeg,0.67,10.84,0.94,0,0.49,170.97,0.0213,1.27,4.2,188.73
68.21,35.84,2,228.81,372.67,116.77,Veg,1.07,14.32,1.79,180,3.43,305.59,0.035,2.03,1.7,508.91
6.76,31.11,2,136.84,193.94,144.97,NonVeg,0.76,1.42,1.56,180,2.05,159.03,0.0435,1.44,5.0,350.55
18.51,14.48,0,173.52,220.94,50.0,MostlyVeg,0.44,3.89,0.72,0,2.6,181.17,0.015,0.84,2.5,191.74
54.43,17.19,0,209.22,284.16,70.1,Both,0.3,11.43,0.86,0,3.14,233.01,0.021,0.57,3.3,252.33
9.13,29.44,0,109.47,235.28,102.93,Veg,1.04,1.92,1.47,0,1.64,192.93,0.0309,1.98,1.7,201.67
45.37,38.15,0,44.85,77.47,180.69,MostlyVeg,0.57,9.53,1.91,0,0.67,63.53,0.0542,1.08,2.5,79.27
27.58,24.03,0,0.0,90.33,149.68,Veg,0.3,5.79,1.2,0,0.0,74.07,0.0449,0.57,1.7,83.38
60.14,17.47,0,129.17,80.49,85.18,MostlyNonVeg,1.01,12.63,0.87,0,1.94,66.0,0.0256,1.92,4.2,87.59
50.94,34.87,0,33.22,116.56,86.41,Both,0.69,10.7,1.74,0,0.5,95.58,0.0259,1.31,3.3,113.16
78.66,11.85,2,126.62,299.16,160.8,Veg,0.55,16.52,0.59,180,1.9,245.31,0.0482,1.04,1.7,447.11
33.33,20.79,0,80.77,237.49,165.83,MostlyVeg,1.13,7.0,1.04,0,1.21,194.74,0.0497,2.15,2.5,208.69
37.79,19.34,3,94.52,400.0,55.04,Both,1.04,7.94,0.97,270,1.42,328.0,0.0165,1.98,3.3,613.61
0.0,35.17,1,155.25,172.22,101.22,MostlyNonVeg,0.63,0.0,1.76,90,2.33,141.22,0.0304,1.2,4.2,240.74
6.31,7.65,0,70.02,188.74,79.67,MostlyVeg,0.67,1.33,0.38,0,1.05,154.77,0.0239,1.27,2.5,161.32
32.86,41.2,0,159.9,151.38,50.0,Veg,0.74,6.9,2.06,0,2.4,124.13,0.015,1.41,1.7,138.61
68.41,47.35,1,162.12,393.12,92.66,MostlyVeg,0.62,14.37,2.37,90,2.43,322.36,0.0278,1.18,2.5,435.23
67.02,26.63,0,0.0,219.12,50.0,MostlyNonVeg,0.93,14.07,1.33,0,0.0,179.68,0.015,1.77,4.2,201.07
55.55,43.8,1,156.79,177.62,69.37,NonVeg,0.55,11.67,2.19,90,2.35,145.65,0.0208,1.04,5.0,257.92
29.5,0.0,0,155.47,253.6,84.44,MostlyNonVeg,1.33,6.19,0.0,0,2.33,207.95,0.0253,2.53,4.2,223.23
42.33,9.25,1,140.73,168.8,144.82,MostlyVeg,0.9,8.89,0.46,90,2.11,138.42,0.0434,1.71,2.5,244.13
7.11,35.83,1,279.14,168.66,94.45,Veg,0.88,1.49,1.79,90,4.19,138.3,0.0283,1.67,1.7,239.17
20.0,26.76,0,253.84,87.94,66.59,MostlyVeg,0.38,4.2,1.34,0,3.81,72.11,0.02,0.72,2.5,84.7
0.0,49.27,2,129.67,400.0,129.02,Veg,0.44,0.0,2.46,180,1.95,328.0,0.0387,0.84,1.7,514.98
19.55,19.78,0,201.67,200.77,99.25,Veg,1.06,4.11,0.99,0,3.03,164.63,0.0298,2.01,1.7,176.49
33.36,11.19,0,211.65,193.59,121.71,MostlyNonVeg,0.3,7.01,0.56,0,3.17,158.74,0.0365,0.57,4.2,174.29
46.65,26.67,2,0.0,187.65,50.0,MostlyNonVeg,0.87,9.8,1.33,180,0.0,153.87,0.015,1.65,4.2,350.87
43.5,15.26,0,156.08,131.28,70.56,MostlyVeg,1.2,9.14,0.76,0,2.34,107.65,0.0212,2.28,2.5,124.69
41.29,34.79,3,217.5,400.0,50.0,Veg,0.72,8.67,1.74,270,3.26,328.0,0.015,1.37,1.7,614.76
97.08,17.96,2,133.39,270.96,50.0,MostlyNonVeg,0.85,20.39,0.9,180,2.0,222.19,0.015,1.62,4.2,431.3
27.6,25.44,0,102.49,395.35,60.33,MostlyNonVeg,1.0,5.8,1.27,0,1.54,324.19,0.0181,1.9,4.2,338.91
38.43,12.37,0,180.15,207.32,200.0,MostlyVeg,0.81,8.07,0.62,0,2.7,170.0,0.06,1.54,2.5,185.49
39.91,28.31,1,140.57,234.96,126.56,Both,0.49,8.38,1.42,90,2.11,192.67,0.038,0.93,3.3,298.84
0.0,11.71,1,29.39,131.57,50.0,Veg,0.76,0.0,0.59,90,0.44,107.89,0.015,1.44,1.7,202.07
33.99,20.02,3,208.32,379.76,103.18,Both,0.82,7.14,1.0,270,3.12,311.4,0.031,1.56,3.3,597.56
79.26,42.24,1,22.86,238.41,56.47,Veg,1.4,16.64,2.11,90,0.34,195.5,0.0169,2.66,1.7,308.97
42.95,32.99,0,13.54,152.67,55.56,Veg,0.7,9.02,1.65,0,0.2,125.19,0.0167,1.33,1.7,139.11
32.36,37.61,0,0.0,176.81,129.74,MostlyVeg,0.62,6.8,1.88,0,0.0,144.98,0.0389,1.18,2.5,157.38
0.0,17.85,0,70.49,206.24,200.0,NonVeg,0.54,0.0,0.89,0,1.06,169.12,0.06,1.03,5.0,177.15
29.34,57.39,2,166.71,339.1,130.49,MostlyNonVeg,0.63,6.16,2.87,180,2.5,278.06,0.0391,1.2,4.2,475.03
81.39,13.93,0,57.21,132.19,50.0,MostlyVeg,0.57,17.09,0.7,0,0.86,108.4,0.015,1.08,2.5,130.64
88.74,36.91,1,48.58,354.13,94.84,Both,0.48,18.64,1.85,90,0.73,290.39,0.0285,0.91,3.3,405.84
85.77,35.25,0,57.35,151.6,162.22,MostlyVeg,0.3,18.01,1.76,0,0.86,124.31,0.0487,0.57,2.5,148.07
0.66,20.35,1,149.19,172.73,127.44,MostlyVeg,0.83,0.14,1.02,90,2.24,141.64,0.0382,1.58,2.5,239.15
43.13,15.37,0,103.42,236.48,182.56,Veg,0.91,9.06,0.77,0,1.55,193.91,0.0548,1.73,1.7,208.77
15.92,36.21,2,197.07,234.67,166.98,MostlyNonVeg,0.67,3.34,1.81,180,2.96,192.43,0.0501,1.27,4.2,386.06
30.17,21.68,0,25.76,255.55,113.31,Both,1.01,6.34,1.08,0,0.39,209.55,0.034,1.92,3.3,222.61
16.54,38.33,0,91.33,244.0,122.57,Veg,0.72,3.47,1.92,0,1.37,200.08,0.0368,1.37,1.7,209.94
80.17,27.63,3,156.66,400.0,85.22,MostlyVeg,1.08,16.84,1.38,270,2.35,328.0,0.0256,2.05,2.5,623.14
44.34,45.11,0,149.55,164.99,119.88,MostlyVeg,0.36,9.31,2.26,0,2.24,135.29,0.036,0.68,2.5,152.32
48.7,35.64,1,100.31,151.26,57.5,MostlyNonVeg,1.26,10.23,1.78,90,1.5,124.03,0.0172,2.39,4.2,234.16
59.39,36.48,1,102.65,358.19,119.1,MostlyNonVeg,1.04,12.47,1.82,90,1.54,293.72,0.0357,1.98,4.2,405.76
52.68,26.34,0,78.21,214.6,141.36,MostlyVeg,0.69,11.06,1.32,0,1.17,175.97,0.0424,1.31,2.5,193.38
71.64,22.04,0,9.99,253.67,50.0,MostlyVeg,0.74,15.04,1.1,0,0.15,208.01,0.015,1.41,2.5,228.23
19.28,39.36,0,0.0,391.1,139.87,Veg,0.93,4.05,1.97,0,0.0,320.7,0.042,1.77,1.7,330.23
60.54,18.79,1,40.53,250.28,71.55,Both,0.38,12.71,0.94,90,0.61,205.23,0.0215,0.72,3.3,313.53
37.99,22.91,0,121.93,199.34,89.97,MostlyNonVeg,0.69,7.98,1.15,0,1.83,163.46,0.027,1.31,4.2,179.95
0.0,17.78,0,140.65,107.88,143.39,Veg,1.19,0.0,0.89,0,2.11,88.46,0.043,2.26,1.7,95.46
71.27,19.79,0,219.79,344.09,174.54,Both,0.89,14.97,0.99,0,3.3,282.15,0.0524,1.69,3.3,306.45
37.41,18.07,0,188.91,272.68,83.71,MostlyVeg,0.47,7.86,0.9,0,2.83,223.6,0.0251,0.89,2.5,238.61
54.2,24.15,0,186.4,190.11,119.46,Both,0.88,11.38,1.21,0,2.8,155.89,0.0358,1.67,3.3,176.28
26.34,42.66,1,68.05,125.02,117.18,MostlyNonVeg,0.83,5.53,2.13,90,1.02,102.52,0.0352,1.58,4.2,207.01
54.57,28.1,0,133.06,72.34,178.3,Veg,0.65,11.46,1.41,0,2.0,59.32,0.0535,1.23,1.7,77.17
24.92,0.0,0,148.29,116.37,99.08,NonVeg,0.42,5.23,0.0,0,2.22,95.42,0.0297,0.8,5.0,108.71
0.0,41.13,2,97.57,218.88,50.0,NonVeg,0.38,0.0,2.06,180,1.46,179.48,0.015,0.72,5.0,368.74
86.84,18.43,0,251.95,164.75,99.36,MostlyVeg,0.87,18.24,0.92,0,3.78,135.1,0.0298,1.65,2.5,162.21
41.49,25.1,0,289.18,183.34,123.05,MostlyNonVeg,0.48,8.71,1.26,0,4.34,150.34,0.0369,0.91,4.2,169.79
38.03,10.01,1,96.28,253.15,51.48,MostlyNonVeg,0.53,7.99,0.5,90,1.44,207.58,0.0154,1.01,4.2,312.74
0.0,24.74,0,69.35,104.19,118.98,Both,1.08,0.0,1.24,0,1.04,85.44,0.0357,2.05,3.3,93.1
11.08,15.09,1,140.06,334.4,82.73,MostlyNonVeg,0.92,2.33,0.75,90,2.1,274.21,0.0248,1.75,4.2,375.36
19.65,38.84,1,183.03,174.16,114.13,Both,0.97,4.13,1.94,90,2.75,142.81,0.0342,1.84,3.3,246.8
57.35,32.25,0,52.7,214.92,200.0,Veg,0.85,12.04,1.61,0,0.79,176.23,0.06,1.62,1.7,194.06
35.09,37.42,0,47.14,131.53,73.35,MostlyNonVeg,1.26,7.37,1.87,0,0.71,107.85,0.022,2.39,4.2,124.42
39.26,15.88,3,237.9,336.75,186.32,MostlyNonVeg,0.45,8.24,0.79,270,3.57,276.14,0.0559,0.86,4.2,563.85
28.59,16.24,2,66.77,372.82,71.25,MostlyVeg,0.44,6.0,0.81,180,1.0,305.71,0.0214,0.84,2.5,496.89
30.89,14.5,3,108.86,259.2,185.99,Both,0.93,6.49,0.73,270,1.63,212.54,0.0558,1.77,3.3,496.51
34.19,5.88,0,218.0,400.0,181.0,NonVeg,0.7,7.18,0.29,0,3.27,328.0,0.0543,1.33,5.0,345.13
52.68,53.59,1,4.84,258.09,50.0,MostlyVeg,0.75,11.06,2.68,90,0.07,211.63,0.015,1.42,2.5,319.39
81.14,15.85,1,38.6,290.11,126.92,Veg,0.79,17.04,0.79,90,0.58,237.89,0.0381,1.5,1.7,349.54
25.99,35.9,0,0.0,331.7,58.39,MostlyVeg,0.48,5.46,1.8,0,0.0,271.99,0.0175,0.91,2.5,282.68
58.12,32.04,0,148.11,227.23,152.48,NonVeg,1.1,12.21,1.6,0,2.22,186.33,0.0457,2.09,5.0,209.49
11.68,26.56,1,214.79,215.85,195.71,MostlyNonVeg,0.85,2.45,1.33,90,3.22,177.0,0.0587,1.62,4.2,279.87
14.01,3.71,2,211.72,141.18,105.68,Both,0.39,2.94,0.19,180,3.18,115.77,0.0317,0.74,3.3,306.14
76.16,27.79,2,0.0,230.94,79.73,MostlyVeg,1.3,15.99,1.39,180,0.0,189.37,0.0239,2.47,2.5,391.75
61.5,45.18,1,80.13,150.34,138.74,MostlyVeg,0.85,12.92,2.26,90,1.2,123.28,0.0416,1.62,2.5,233.81
27.51,16.74,0,145.85,50.0,123.02,Both,0.74,5.78,0.84,0,2.19,41.0,0.0369,1.41,3.3,54.54
55.91,25.66,0,0.0,177.26,167.56,Veg,0.3,11.74,1.28,0,0.0,145.35,0.0503,0.57,1.7,160.7
21.33,36.52,1,0.0,395.11,73.48,NonVeg,0.74,4.48,1.83,90,0.0,323.99,0.022,1.41,5.0,426.72
71.47,10.01,0,63.02,237.95,107.55,MostlyVeg,0.52,15.01,0.5,0,0.95,195.12,0.0323,0.99,2.5,215.09
13.72,8.33,1,161.87,121.6,121.6,Both,1.03,2.88,0.42,90,2.43,99.71,0.0365,1.96,3.3,200.73
64.82,31.06,0,103.74,199.85,112.01,MostlyVeg,0.46,13.61,1.55,0,1.56,163.88,0.0336,0.87,2.5,184.01
51.52,46.72,0,252.58,139.69,146.93,MostlyNonVeg,1.19,10.82,2.34,0,3.79,114.55,0.0441,2.26,4.2,137.99
54.93,21.37,0,203.11,337.96,165.61,MostlyVeg,0.38,11.54,1.07,0,3.05,277.13,0.0497,0.72,2.5,296.05
45.58,49.61,1,79.68,264.01,122.07,MostlyVeg,0.92,9.57,2.48,90,1.2,216.49,0.0366,1.75,2.5,324.02
31.29,28.89,1,0.0,169.65,50.0,Veg,0.94,6.57,1.44,90,0.0,139.11,0.015,1.79,1.7,240.63
3.97,42.85,0,108.65,104.86,83.31,Both,0.58,0.83,2.14,0,1.63,85.99,0.025,1.1,3.3,95.02
53.67,10.49,1,0.0,169.28,101.52,MostlyNonVeg,0.85,11.27,0.52,90,0.0,138.81,0.0305,1.62,4.2,246.45
29.64,16.93,0,79.64,173.25,91.6,NonVeg,1.16,6.22,0.85,0,1.19,142.06,0.0275,2.2,5.0,157.56
48.22,0.0,0,152.76,248.13,125.48,Both,0.88,10.13,0.0,0,2.29,203.47,0.0376,1.67,3.3,220.89
27.61,31.16,0,188.47,318.32,187.36,Veg,1.26,5.8,1.56,0,2.83,261.02,0.0562,2.39,1.7,275.36
54.89,30.03,0,98.52,198.03,166.72,MostlyNonVeg,1.15,11.53,1.5,0,1.48,162.38,0.05,2.18,4.2,183.33
36.16,13.53,1,229.96,389.0,93.44,MostlyVeg,0.59,7.59,0.68,90,3.45,318.98,0.028,1.12,2.5,424.35
61.89,15.93,0,60.5,230.36,188.54,Both,0.66,13.0,0.8,0,0.91,188.9,0.0566,1.25,3.3,208.21
100.0,6.78,2,78.06,281.67,101.28,Both,0.62,21.0,0.34,180,1.17,230.97,0.0304,1.18,3.3,437.99
26.53,15.03,1,151.77,96.02,115.15,MostlyVeg,0.55,5.57,0.75,90,2.28,78.74,0.0345,1.04,2.5,180.92
0.0,57.5,0,154.32,207.38,123.55,Both,0.96,0.0,2.88,0,2.31,170.05,0.0371,1.82,3.3,180.4
56.23,34.59,0,76.72,171.67,200.0,Veg,0.83,11.81,1.73,0,1.15,140.77,0.06,1.58,1.7,158.79
0.0,19.6,0,108.25,83.99,153.62,MostlyNonVeg,0.5,0.0,0.98,0,1.62,68.87,0.0461,0.95,4.2,76.67
46.52,42.67,0,53.45,202.52,146.43,Veg,1.12,9.77,2.13,0,0.8,166.07,0.0439,2.13,1.7,182.64
35.62,23.2,0,0.0,189.07,195.08,MostlyVeg,0.35,7.48,1.16,0,0.0,155.04,0.0585,0.66,2.5,166.9
36.0,37.8,2,0.0,382.65,185.93,NonVeg,1.22,7.56,1.89,180,0.0,313.77,0.0558,2.32,5.0,510.6
24.4,38.64,0,212.14,261.33,91.85,MostlyNonVeg,0.96,5.12,1.93,0,3.18,214.29,0.0276,1.82,4.2,230.58
23.89,49.92,1,182.09,221.01,100.74,MostlyVeg,0.59,5.02,2.5,90,2.73,181.23,0.0302,1.12,2.5,285.12
49.24,33.5,0,81.31,240.86,185.42,MostlyNonVeg,0.72,10.34,1.68,0,1.22,197.51,0.0556,1.37,4.2,216.36
0.0,21.76,0,0.0,225.76,73.96,Both,0.58,0.0,1.09,0,0.0,185.12,0.0222,1.1,3.3,190.64
46.27,17.26,0,141.42,252.62,165.22,NonVeg,0.93,9.72,0.86,0,2.12,207.15,0.0496,1.77,5.0,226.67
54.1,14.82,0,93.87,84.62,50.0,NonVeg,0.74,11.36,0.74,0,1.41,69.39,0.015,1.41,5.0,89.32
29.95,35.12,0,36.63,335.06,50.0,Veg,1.22,6.29,1.76,0,0.55,274.75,0.015,2.32,1.7,287.38
18.0,47.21,0,208.15,190.74,163.28,MostlyVeg,0.92,3.78,2.36,0,3.12,156.41,0.049,1.75,2.5,169.97
23.48,32.17,1,154.59,328.25,62.31,Veg,0.58,4.93,1.61,90,2.32,269.16,0.0187,1.1,1.7,370.84
75.67,22.47,0,87.98,262.17,151.23,Veg,0.54,15.89,1.12,0,1.32,214.98,0.0454,1.03,1.7,236.08
8.83,32.57,2,149.84,286.78,92.53,NonVeg,1.27,1.85,1.63,180,2.25,235.16,0.0278,2.41,5.0,428.33
83.39,8.29,2,158.34,383.37,154.49,Both,0.95,17.51,0.41,180,2.38,314.36,0.0463,1.8,3.3,519.82
43.34,0.0,0,181.23,137.37,92.74,MostlyNonVeg,0.59,9.1,0.0,0,2.72,112.64,0.0278,1.12,4.2,129.81
100.0,4.12,1,147.29,196.3,50.0,Both,0.94,21.0,0.21,90,2.21,160.97,0.015,1.79,3.3,279.48
29.75,55.86,2,182.17,233.1,90.3,Both,0.43,6.25,2.79,180,2.73,191.14,0.0271,0.82,3.3,387.06
68.21,41.88,0,35.78,178.38,110.4,MostlyNonVeg,0.57,14.32,2.09,0,0.54,146.27,0.0331,1.08,4.2,168.54
31.05,3.71,0,0.0,196.54,107.03,MostlyVeg,0.66,6.52,0.19,0,0.0,161.16,0.0321,1.25,2.5,171.65
71.12,0.0,0,89.41,71.35,165.85,Veg,1.5,14.94,0.0,0,1.34,58.51,0.0498,2.85,1.7,79.38
80.26,53.01,3,23.98,380.11,141.21,MostlyVeg,0.83,16.85,2.65,270,0.36,311.69,0.0424,1.58,2.5,605.67
0.0,37.74,2,0.0,249.32,125.58,Both,0.3,0.0,1.89,180,0.0,204.44,0.0377,0.57,3.3,390.24
57.25,37.58,2,78.57,191.47,88.74,Both,0.46,12.02,1.88,180,1.18,157.01,0.0266,0.87,3.3,356.29
23.32,1.25,0,131.16,249.22,82.32,MostlyNonVeg,0.59,4.9,0.06,0,1.97,204.36,0.0247,1.12,4.2,216.63
24.2,26.52,0,90.77,166.1,59.95,MostlyNonVeg,0.92,5.08,1.33,0,1.36,136.2,0.018,1.75,4.2,149.94
58.07,44.52,1,216.33,190.9,102.17,MostlyNonVeg,0.77,12.19,2.23,90,3.24,156.54,0.0307,1.46,4.2,269.9
70.14,20.97,1,85.72,381.31,133.05,MostlyNonVeg,0.96,14.73,1.05,90,1.29,312.67,0.0399,1.82,4.2,425.8
33.25,6.64,0,174.55,155.76,58.58,Both,0.67,6.98,0.33,0,2.62,127.72,0.0176,1.27,3.3,142.25
63.44,27.67,0,27.15,86.62,90.36,Both,0.3,13.32,1.38,0,0.41,71.03,0.0271,0.57,3.3,90.04
84.87,38.54,0,94.98,167.4,110.22,NonVeg,0.43,17.82,1.93,0,1.42,137.27,0.0331,0.82,5.0,164.29
61.5,29.68,0,2.22,51.94,127.48,MostlyNonVeg,0.97,12.92,1.48,0,0.03,42.59,0.0382,1.84,4.2,63.1
24.06,15.28,0,138.7,211.19,200.0,Veg,0.3,5.05,0.76,0,2.08,173.18,0.06,0.57,1.7,183.4
53.67,42.06,0,66.39,106.03,90.67,NonVeg,0.87,11.27,2.1,0,1.0,86.94,0.0272,1.65,5.0,107.99
44.58,38.95,0,160.92,135.23,50.0,MostlyNonVeg,1.41,9.36,1.95,0,2.41,110.89,0.015,2.68,4.2,131.51
23.57,26.12,0,77.86,78.2,104.52,MostlyVeg,0.51,4.95,1.31,0,1.17,64.12,0.0314,0.97,2.5,75.05
30.89,40.71,0,0.0,262.21,149.67,NonVeg,1.22,6.49,2.04,0,0.0,215.01,0.0449,2.32,5.0,230.9
53.5,20.25,0,35.25,141.87,151.83,MostlyVeg,0.75,11.24,1.01,0,0.53,116.33,0.0455,1.42,2.5,133.08
0.0,7.23,0,184.08,258.55,200.0,Veg,1.16,0.0,0.36,0,2.76,212.01,0.06,2.2,1.7,219.1
60.12,23.96,0,85.83,142.16,106.77,Both,1.09,12.63,1.2,0,1.29,116.57,0.032,2.07,3.3,137.08
26.97,12.94,1,68.96,385.75,60.08,MostlyNonVeg,1.0,5.66,0.65,90,1.03,316.32,0.018,1.9,4.2,419.78
13.22,4.32,0,33.73,185.9,50.0,Veg,0.58,2.78,0.22,0,0.51,152.44,0.015,1.1,1.7,158.75
18.43,38.81,0,89.77,199.03,200.0,MostlyNonVeg,0.8,3.87,1.94,0,1.35,163.2,0.06,1.52,4.2,176.14
43.88,7.56,0,142.4,103.44,50.0,NonVeg,0.49,9.21,0.38,0,2.14,84.82,0.015,0.93,5.0,102.5
11.0,23.62,0,184.54,216.74,200.0,MostlyNonVeg,0.83,2.31,1.18,0,2.77,177.73,0.06,1.58,4.2,189.82
53.67,14.77,2,123.06,246.99,92.31,MostlyVeg,0.3,11.27,0.74,180,1.85,202.53,0.0277,0.57,2.5,399.48
7.33,19.35,2,106.41,351.63,200.0,NonVeg,0.95,1.54,0.97,180,1.6,288.34,0.06,1.8,5.0,479.3
47.97,40.3,0,84.09,106.8,150.27,Veg,1.03,10.07,2.02,0,1.26,87.58,0.0451,1.96,1.7,104.63
79.91,30.57,0,223.61,97.26,76.5,MostlyVeg,0.61,16.78,1.53,0,3.35,79.75,0.0229,1.16,2.5,105.1
42.7,43.56,0,192.36,74.57,148.53,MostlyVeg,0.68,8.97,2.18,0,2.89,61.15,0.0446,1.29,2.5,79.01
44.54,32.08,0,176.31,120.25,101.92,Both,0.52,9.35,1.6,0,2.64,98.6,0.0306,0.99,3.3,116.53
64.52,47.46,0,45.6,234.08,109.75,Both,1.06,13.55,2.37,0,0.68,191.95,0.0329,2.01,3.3,213.9
37.56,12.18,1,249.86,271.83,120.36,MostlyNonVeg,0.83,7.89,0.61,90,3.75,222.9,0.0361,1.58,4.2,330.96
32.41,31.46,0,0.0,137.27,62.13,Both,1.13,6.81,1.57,0,0.0,112.56,0.0186,2.15,3.3,126.41
44.41,15.83,0,89.17,251.48,155.89,Veg,1.05,9.33,0.79,0,1.34,206.21,0.0468,2.0,1.7,221.41
89.62,8.93,0,92.92,279.29,50.0,NonVeg,0.46,18.82,0.45,0,1.39,229.02,0.015,0.87,5.0,255.57
5.57,37.24,2,206.73,227.12,79.92,MostlyNonVeg,0.72,1.17,1.86,180,3.1,186.24,0.024,1.37,4.2,377.96
85.6,5.66,0,99.93,181.61,138.92,MostlyNonVeg,0.95,17.98,0.28,0,1.5,148.92,0.0417,1.8,4.2,174.72
31.85,26.37,0,95.16,212.64,50.0,Veg,0.72,6.69,1.32,0,1.43,174.36,0.015,1.37,1.7,186.88
33.5,30.38,0,0.0,257.22,182.72,MostlyNonVeg,0.75,7.04,1.52,0,0.0,210.92,0.0548,1.42,4.2,225.15
25.73,2.05,0,81.45,121.76,134.09,MostlyVeg,0.35,5.4,0.1,0,1.22,99.84,0.0402,0.66,2.5,109.78
19.57,25.44,3,20.24,281.09,85.29,Veg,1.24,4.11,1.27,270,0.3,230.49,0.0256,2.36,1.7,510.26
46.82,32.67,1,2.44,192.69,50.0,Veg,0.37,9.83,1.63,90,0.04,158.01,0.015,0.7,1.7,261.93
92.33,29.81,0,212.0,74.71,200.0,MostlyNonVeg,0.89,19.39,1.49,0,3.18,61.26,0.06,1.69,4.2,91.27
57.65,21.55,0,69.31,129.37,108.65,MostlyVeg,0.96,12.11,1.08,0,1.04,106.08,0.0326,1.82,2.5,124.66
0.0,0.0,1,276.76,297.91,120.72,Veg,0.76,0.0,0.0,90,4.15,244.29,0.0362,1.44,1.7,341.62
15.24,34.85,0,7.77,50.0,50.0,MostlyVeg,0.3,3.2,1.74,0,0.12,41.0,0.015,0.57,2.5,49.14
25.25,47.49,0,177.86,400.0,81.16,MostlyVeg,1.25,5.3,2.37,0,2.67,328.0,0.0243,2.38,2.5,343.24
48.7,13.8,1,82.1,288.94,79.31,NonVeg,0.57,10.23,0.69,90,1.23,236.93,0.0238,1.08,5.0,345.19
25.44,0.0,0,221.1,227.54,129.1,Both,0.77,5.34,0.0,0,3.32,186.58,0.0387,1.46,3.3,200.04
58.88,29.29,0,62.76,243.06,51.19,MostlyVeg,0.52,12.36,1.46,0,0.94,199.31,0.0154,0.99,2.5,217.58
0.87,48.51,1,166.83,192.09,154.47,Veg,0.57,0.18,2.43,90,2.5,157.51,0.0463,1.08,1.7,255.45
50.82,48.84,1,191.67,224.23,200.0,Veg,0.36,10.67,2.44,90,2.88,183.87,0.06,0.68,1.7,292.3
32.14,25.56,2,166.83,308.19,137.13,MostlyNonVeg,0.3,6.75,1.28,180,2.5,252.72,0.0411,0.57,4.2,448.06
42.09,13.56,2,1.18,287.77,145.08,MostlyNonVeg,0.84,8.84,0.68,180,0.02,235.97,0.0435,1.6,4.2,431.35
41.13,44.84,1,24.35,270.76,177.62,Veg,0.66,8.64,2.24,90,0.37,222.02,0.0533,1.25,1.7,326.28
26.78,0.36,0,124.72,86.62,58.43,Veg,0.74,5.62,0.02,0,1.87,71.03,0.0175,1.41,1.7,81.66
2.63,28.81,0,0.0,222.83,171.89,MostlyVeg,1.11,0.55,1.44,0,0.0,182.72,0.0516,2.11,2.5,189.37
15.07,25.64,1,181.76,390.7,52.15,MostlyVeg,0.59,3.16,1.28,90,2.73,320.37,0.0156,1.12,2.5,421.18
81.4,41.46,0,0.0,121.03,123.93,MostlyNonVeg,0.3,17.09,2.07,0,0.0,99.24,0.0372,0.57,4.2,123.22
59.77,51.57,0,232.76,312.08,91.52,Both,0.78,12.55,2.58,0,3.49,255.91,0.0275,1.48,3.3,279.34
54.89,40.81,1,111.54,259.05,124.25,NonVeg,1.02,11.53,2.04,90,1.67,212.42,0.0373,1.94,5.0,324.64
93.69,56.6,0,95.65,280.35,88.99,MostlyNonVeg,0.31,19.67,2.83,0,1.43,229.89,0.0267,0.59,4.2,258.64
8.9,12.85,2,93.42,263.62,142.48,MostlyNonVeg,0.77,1.87,0.64,180,1.4,216.17,0.0427,1.46,4.2,405.79
91.54,28.91,0,115.97,186.04,86.97,Both,0.51,19.22,1.45,0,1.74,152.55,0.0261,0.97,3.3,179.26
96.5,25.54,0,96.87,76.21,189.55,MostlyNonVeg,1.5,20.26,1.28,0,1.45,62.49,0.0569,2.85,4.2,92.59
40.11,48.6,1,138.95,386.5,110.21,Both,1.0,8.42,2.43,90,2.08,316.93,0.0331,1.9,3.3,425.1
34.61,31.78,1,26.11,303.43,115.38,MostlyVeg,0.78,7.27,1.59,90,0.39,248.81,0.0346,1.48,2.5,352.08
58.32,26.78,2,74.09,363.34,106.46,MostlyNonVeg,0.6,12.25,1.34,180,1.11,297.94,0.0319,1.14,4.2,498.01
32.02,27.23,0,0.0,156.91,115.34,NonVeg,0.56,6.72,1.36,0,0.0,128.67,0.0346,1.06,5.0,142.85
16.71,9.77,2,58.95,355.56,200.0,MostlyNonVeg,0.57,3.51,0.49,180,0.88,291.56,0.06,1.08,4.2,481.78
40.3,39.75,0,155.57,50.0,104.25,NonVeg,0.96,8.46,1.99,0,2.33,41.0,0.0313,1.82,5.0,60.64
42.02,34.7,1,80.39,177.98,50.0,Both,1.0,8.82,1.74,90,1.21,145.94,0.015,1.9,3.3,252.92
44.58,18.81,0,157.62,74.59,194.58,MostlyVeg,0.67,9.36,0.94,0,2.36,61.16,0.0584,1.27,2.5,77.66
72.77,14.73,0,38.53,291.66,176.24,MostlyVeg,0.51,15.28,0.74,0,0.58,239.16,0.0529,0.97,2.5,259.28
45.0,51.52,1,120.93,183.65,173.19,MostlyVeg,0.97,9.45,2.58,90,1.81,150.59,0.052,1.84,2.5,258.83
25.68,40.61,1,162.25,120.63,50.0,NonVeg,0.94,5.39,2.03,90,2.43,98.92,0.015,1.79,5.0,205.57
38.25,31.83,0,107.02,323.49,84.42,Veg,0.77,8.03,1.59,0,1.61,265.26,0.0253,1.46,1.7,279.68
74.24,25.57,0,110.52,236.09,130.9,Both,0.55,15.59,1.28,0,1.66,193.59,0.0393,1.04,3.3,216.5
60.67,43.93,1,0.0,157.73,200.0,MostlyNonVeg,0.74,12.74,2.2,90,0.0,129.34,0.06,1.41,4.2,239.94
31.66,30.9,0,56.96,214.72,177.93,MostlyNonVeg,0.3,6.65,1.54,0,0.85,176.07,0.0534,0.57,4.2,189.94
79.04,22.59,0,110.51,176.36,125.89,MostlyNonVeg,0.63,16.6,1.13,0,1.66,144.62,0.0378,1.2,4.2,169.44
33.39,31.61,0,28.33,86.88,50.0,Both,0.3,7.01,1.58,0,0.42,71.24,0.015,0.57,3.3,84.14
23.01,5.83,0,129.91,281.26,50.0,Veg,0.96,4.83,0.29,0,1.95,230.63,0.015,1.82,1.7,241.24
43.05,22.46,0,91.71,192.94,192.53,NonVeg,0.99,9.04,1.12,0,1.38,158.21,0.0578,1.88,5.0,176.69
10.66,4.51,0,137.35,237.28,170.4,MostlyNonVeg,0.66,2.24,0.23,0,2.06,194.57,0.0511,1.25,4.2,204.6
43.07,32.13,0,86.78,173.52,54.03,MostlyNonVeg,0.3,9.04,1.61,0,1.3,142.29,0.0162,0.57,4.2,159.03
67.71,47.32,2,96.45,176.82,57.82,Both,0.9,14.22,2.37,180,1.45,144.99,0.0173,1.71,3.3,348.05
0.0,50.71,0,82.19,204.82,182.63,MostlyVeg,0.81,0.0,2.54,0,1.23,167.95,0.0548,1.54,2.5,175.81
40.19,20.71,3,300.0,400.0,130.55,MostlyNonVeg,0.94,8.44,1.04,270,4.5,328.0,0.0392,1.79,4.2,618.0
65.96,15.09,1,71.86,252.42,100.59,Both,0.92,13.85,0.75,90,1.08,206.98,0.0302,1.75,3.3,317.75
23.74,0.0,0,300.0,170.74,72.27,Both,0.81,4.99,0.0,0,4.5,140.01,0.0217,1.54,3.3,154.35
63.34,37.48,1,0.0,351.31,155.33,Both,0.86,13.3,1.87,90,0.0,288.07,0.0466,1.63,3.3,398.23
60.11,15.21,0,34.94,224.91,95.48,MostlyNonVeg,1.04,12.62,0.76,0,0.52,184.43,0.0286,1.98,4.2,204.54
23.57,27.65,0,163.93,150.65,61.76,MostlyVeg,0.8,4.95,1.38,0,2.46,123.53,0.0185,1.52,2.5,136.36
68.37,0.0,0,144.44,265.89,50.0,MostlyVeg,0.97,14.36,0.0,0,2.17,218.03,0.015,1.84,2.5,238.91
64.74,25.88,0,96.6,250.15,193.78,Veg,0.57,13.6,1.29,0,1.45,205.12,0.0581,1.08,1.7,224.3
0.0,11.3,0,135.09,204.3,154.08,Both,0.42,0.0,0.57,0,2.03,167.53,0.0462,0.8,3.3,174.26
40.52,0.0,2,100.52,343.85,125.44,MostlyVeg,0.92,8.51,0.0,180,1.51,281.96,0.0376,1.75,2.5,476.26
4.54,32.53,0,144.97,162.31,141.82,Veg,1.01,0.95,1.63,0,2.17,133.09,0.0425,1.92,1.7,141.51
40.74,17.85,0,206.46,400.0,148.61,Veg,0.81,8.56,0.89,0,3.1,328.0,0.0446,1.54,1.7,343.83
23.78,23.41,0,91.57,215.89,143.47,MostlyVeg,0.4,4.99,1.17,0,1.37,177.03,0.043,0.76,2.5,187.87
0.0,35.56,1,108.15,171.97,200.0,MostlyVeg,1.01,0.0,1.78,90,1.62,141.02,0.06,1.92,2.5,238.89
75.26,7.51,0,169.37,245.73,60.83,MostlyVeg,1.0,15.8,0.38,0,2.54,201.5,0.0182,1.9,2.5,224.64
36.15,9.28,1,160.45,247.71,96.2,MostlyNonVeg,0.4,7.59,0.46,90,2.41,203.12,0.0289,0.76,4.2,308.57
6.05,30.39,1,84.13,161.82,82.04,NonVeg,0.78,1.27,1.52,90,1.26,132.69,0.0246,1.48,5.0,233.25
40.62,23.66,0,91.02,276.49,100.63,MostlyVeg,1.25,8.53,1.18,0,1.37,226.72,0.0302,2.38,2.5,242.71
43.69,43.09,0,213.72,183.2,102.61,MostlyNonVeg,1.24,9.17,2.15,0,3.21,150.22,0.0308,2.36,4.2,171.35
48.25,42.96,0,132.18,259.85,161.91,MostlyNonVeg,0.53,10.13,2.15,0,1.98,213.08,0.0486,1.01,4.2,232.6
93.87,43.96,0,175.05,128.7,200.0,Both,0.62,19.71,2.2,0,2.63,105.53,0.06,1.18,3.3,134.61
85.97,17.24,0,172.27,306.92,133.36,MostlyVeg,1.03,18.05,0.86,0,2.58,251.67,0.04,1.96,2.5,277.67
0.0,8.54,0,28.93,233.36,168.9,Veg,0.3,0.0,0.43,0,0.43,191.36,0.0507,0.57,1.7,194.54
50.03,24.83,0,300.0,192.55,138.11,NonVeg,0.71,10.51,1.24,0,4.5,157.89,0.0414,1.35,5.0,180.53
37.4,27.71,0,84.39,215.94,102.01,MostlyVeg,0.93,7.85,1.39,0,1.27,177.07,0.0306,1.77,2.5,191.87
23.22,53.91,0,62.6,272.86,52.08,NonVeg,0.63,4.88,2.7,0,0.94,223.75,0.0156,1.2,5.0,238.47
34.58,11.04,0,79.84,177.42,84.23,Both,0.35,7.26,0.55,0,1.2,145.48,0.0253,0.66,3.3,158.49
31.79,12.47,1,145.82,296.02,50.0,MostlyNonVeg,0.83,6.68,0.62,90,2.19,242.74,0.015,1.58,4.2,348.02
43.67,7.77,0,54.29,267.41,50.0,Both,0.57,9.17,0.39,0,0.81,219.28,0.015,1.08,3.3,234.05
63.15,26.82,0,273.23,183.0,111.22,NonVeg,0.68,13.26,1.34,0,4.1,150.06,0.0334,1.29,5.0,175.09
67.15,32.57,0,105.42,153.97,148.83,MostlyVeg,0.64,14.1,1.63,0,1.58,126.26,0.0446,1.22,2.5,147.33
76.68,63.42,1,179.3,270.16,90.01,MostlyVeg,1.01,16.1,3.17,90,2.69,221.53,0.027,1.92,2.5,337.94
54.98,26.82,0,51.53,96.32,50.0,MostlyVeg,1.03,11.55,1.34,0,0.77,78.98,0.015,1.96,2.5,97.11
52.92,27.12,0,144.19,57.78,129.68,MostlyNonVeg,0.75,11.11,1.36,0,2.16,47.38,0.0389,1.42,4.2,67.68
40.11,13.41,1,120.02,290.2,119.52,Both,0.91,8.42,0.67,90,1.8,237.96,0.0359,1.73,3.3,343.92
1.09,32.69,0,0.0,222.99,90.69,NonVeg,1.2,0.23,1.63,0,0.0,182.85,0.0272,2.28,5.0,192.02
31.45,23.53,2,129.54,353.87,129.55,Both,1.03,6.6,1.18,180,1.94,290.17,0.0389,1.96,3.3,485.19
19.56,34.08,1,89.94,239.06,86.95,Veg,0.74,4.11,1.7,90,1.35,196.03,0.0261,1.41,1.7,296.32
53.84,25.03,0,168.33,108.4,200.0,Both,1.24,11.31,1.25,0,2.52,88.89,0.06,2.36,3.3,109.69
36.02,24.3,1,123.32,200.92,53.42,NonVeg,0.6,7.56,1.22,90,1.85,164.75,0.016,1.14,5.0,271.54
4.79,31.23,0,148.33,218.9,94.13,NonVeg,1.14,1.01,1.56,0,2.22,179.5,0.0282,2.17,5.0,191.48
4.47,17.5,0,218.21,344.76,184.77,Veg,0.39,0.94,0.88,0,3.27,282.7,0.0554,0.74,1.7,290.29
65.68,17.17,3,39.95,317.36,65.78,MostlyNonVeg,1.43,13.79,0.86,270,0.6,260.24,0.0197,2.72,4.2,552.42
50.74,20.23,1,50.84,332.39,92.09,Both,0.79,10.66,1.01,90,0.76,272.56,0.0276,1.5,3.3,379.82
47.92,44.23,0,144.07,137.84,61.61,MostlyNonVeg,0.83,10.06,2.21,0,2.16,113.03,0.0185,1.58,4.2,133.26
51.48,16.45,0,157.66,291.76,159.33,Veg,0.88,10.81,0.82,0,2.36,239.24,0.0478,1.67,1.7,256.66
59.68,9.67,0,93.08,190.71,145.61,NonVeg,0.66,12.53,0.48,0,1.4,156.38,0.0437,1.25,5.0,177.09
29.35,16.93,0,97.71,231.45,96.25,MostlyVeg,1.08,6.16,0.85,0,1.47,189.79,0.0289,2.05,2.5,202.85
4.24,19.91,2,209.57,208.53,103.42,Both,1.2,0.89,1.0,180,3.14,170.99,0.031,2.28,3.3,361.64
77.34,0.0,1,101.06,233.18,106.06,NonVeg,0.87,16.24,0.0,90,1.52,191.21,0.0318,1.65,5.0,305.65
33.31,37.15,0,128.02,319.22,64.38,MostlyNonVeg,1.18,7.0,1.86,0,1.92,261.76,0.0193,2.24,4.2,278.99
64.73,22.58,0,129.44,262.28,50.0,Veg,0.71,13.59,1.13,0,1.94,215.07,0.015,1.35,1.7,234.8
46.83,9.66,0,0.0,96.23,122.66,Both,0.3,9.83,0.48,0,0.0,78.91,0.0368,0.57,3.3,93.13
39.88,34.72,0,51.06,172.52,155.94,Veg,0.58,8.37,1.74,0,0.77,141.47,0.0468,1.1,1.7,155.19
55.49,9.13,0,131.73,146.65,53.92,Veg,0.34,11.65,0.46,0,1.98,120.25,0.0162,0.65,1.7,136.7
26.18,21.36,0,70.63,237.27,176.45,NonVeg,0.53,5.5,1.07,0,1.06,194.56,0.0529,1.01,5.0,208.25
53.47,5.97,0,93.66,50.0,198.15,Both,1.5,11.23,0.3,0,1.4,41.0,0.0594,2.85,3.3,60.14
26.43,21.15,0,134.95,247.03,114.14,Both,1.1,5.55,1.06,0,2.02,202.56,0.0342,2.09,3.3,216.62
18.39,39.64,1,128.35,307.24,101.61,Veg,0.7,3.86,1.98,90,1.93,251.94,0.0305,1.33,1.7,352.77
33.45,30.21,2,0.0,295.04,153.17,Veg,0.84,7.02,1.51,180,0.0,241.93,0.046,1.6,1.7,433.81
77.94,25.6,0,128.29,200.38,134.49,NonVeg,1.08,16.37,1.28,0,1.92,164.31,0.0403,2.05,5.0,190.98
0.0,32.23,1,0.0,291.59,77.07,MostlyNonVeg,1.32,0.0,1.61,90,0.0,239.1,0.0231,2.51,4.2,337.45
20.68,38.77,0,110.59,99.55,153.44,MostlyNonVeg,0.86,4.34,1.94,0,1.66,81.63,0.046,1.63,4.2,95.45
15.84,30.6,0,29.82,229.05,84.68,MostlyVeg,1.04,3.33,1.53,0,0.45,187.82,0.0254,1.98,2.5,197.63
41.57,38.36,1,200.86,348.06,123.64,Both,0.57,8.73,1.92,90,3.01,285.41,0.0371,1.08,3.3,393.49
60.8,32.75,1,112.46,220.26,66.47,MostlyNonVeg,0.52,12.77,1.64,90,1.69,180.61,0.0199,0.99,4.2,291.91
16.1,34.32,2,0.0,78.64,157.72,MostlyNonVeg,0.78,3.38,1.72,180,0.0,64.48,0.0473,1.48,4.2,255.31
17.33,25.48,1,83.89,320.63,180.54,Both,0.75,3.64,1.27,90,1.26,262.92,0.0542,1.42,3.3,363.87
22.06,28.91,0,42.03,229.91,111.12,MostlyNonVeg,0.66,4.63,1.45,0,0.63,188.53,0.0333,1.25,4.2,200.72
0.0,27.38,0,63.75,75.05,50.0,Veg,0.97,0.0,1.37,0,0.96,61.54,0.015,1.84,1.7,67.42
54.59,44.93,0,220.0,51.91,50.0,MostlyNonVeg,0.7,11.46,2.25,0,3.3,42.57,0.015,1.33,4.2,65.12
11.64,6.53,0,70.64,182.38,137.9,NonVeg,1.03,2.44,0.33,0,1.06,149.55,0.0414,1.96,5.0,160.38
57.17,2.14,2,253.39,233.79,50.0,MostlyVeg,0.33,12.01,0.11,180,3.8,191.71,0.015,0.63,2.5,390.76
41.59,36.43,2,70.67,196.29,112.99,MostlyNonVeg,1.23,8.73,1.82,180,1.06,160.96,0.0339,2.34,4.2,359.14
20.99,15.39,0,112.88,270.4,122.49,Veg,0.76,4.41,0.77,0,1.69,221.73,0.0367,1.44,1.7,231.78
21.7,39.53,1,219.13,252.33,200.0,Both,0.86,4.56,1.98,90,3.29,206.91,0.06,1.63,3.3,311.73
73.51,28.72,1,25.03,309.3,137.9,Veg,0.55,15.44,1.44,90,0.38,253.63,0.0414,1.04,1.7,363.66
58.9,28.92,0,139.23,260.55,50.0,Veg,0.66,12.37,1.45,0,2.09,213.65,0.015,1.25,1.7,232.52
72.99,29.91,0,64.18,258.53,50.0,MostlyNonVeg,0.69,15.33,1.5,0,0.96,211.99,0.015,1.31,4.2,235.31
10.69,36.74,0,0.0,221.77,107.24,MostlyNonVeg,0.52,2.24,1.84,0,0.0,181.85,0.0322,0.99,4.2,191.15
3.72,32.19,0,150.65,86.35,87.93,Both,0.75,0.78,1.61,0,2.26,70.81,0.0264,1.42,3.3,80.21
31.31,34.08,0,91.75,316.65,55.33,Both,0.67,6.58,1.7,0,1.38,259.65,0.0166,1.27,3.3,273.9
39.89,28.18,2,86.25,270.36,162.14,NonVeg,0.79,8.38,1.41,180,1.29,221.7,0.0486,1.5,5.0,419.32
73.61,35.21,0,100.96,267.87,176.86,MostlyNonVeg,0.58,15.46,1.76,0,1.51,219.65,0.0531,1.1,4.2,243.74
42.09,21.56,0,124.71,255.12,189.18,Both,0.57,8.84,1.08,0,1.87,209.2,0.0568,1.08,3.3,225.43
54.49,10.09,1,18.49,194.71,116.94,Veg,1.15,11.44,0.5,90,0.28,159.66,0.0351,2.18,1.7,265.81
0.54,48.29,0,93.16,176.91,133.18,Veg,0.36,0.11,2.41,0,1.4,145.07,0.04,0.68,1.7,151.42
26.9,32.06,3,199.63,400.0,161.88,Both,0.41,5.65,1.6,270,2.99,328.0,0.0486,0.78,3.3,612.37
32.25,25.01,0,217.26,186.6,143.47,Both,0.51,6.77,1.25,0,3.26,153.01,0.043,0.97,3.3,168.61
44.97,68.21,0,75.95,203.44,131.19,Veg,0.37,9.44,3.41,0,1.14,166.82,0.0394,0.7,1.7,183.26
52.01,19.08,1,0.0,280.86,156.74,MostlyVeg,0.85,10.92,0.95,90,0.0,230.31,0.047,1.62,2.5,336.34
12.72,39.38,0,10.45,400.0,70.19,MostlyNonVeg,0.43,2.67,1.97,0,0.16,328.0,0.0211,0.82,4.2,337.84
68.44,8.02,0,28.7,153.32,198.0,MostlyVeg,0.3,14.37,0.4,0,0.43,125.72,0.0594,0.57,2.5,144.06
23.13,22.48,0,177.14,248.99,105.19,NonVeg,1.35,4.86,1.12,0,2.66,204.17,0.0316,2.56,5.0,220.41
43.21,32.36,0,123.08,75.59,102.63,Both,0.7,9.07,1.62,0,1.85,61.98,0.0308,1.33,3.3,79.18
82.46,36.19,0,0.0,120.7,67.3,MostlyVeg,0.88,17.32,1.81,0,0.0,98.97,0.0202,1.67,2.5,122.29
48.39,47.1,0,35.31,213.18,84.3,Both,0.54,10.16,2.36,0,0.53,174.81,0.0253,1.03,3.3,192.21
28.28,15.11,1,0.0,102.72,50.0,MostlyVeg,0.31,5.94,0.76,90,0.0,84.23,0.015,0.59,2.5,184.03
13.38,30.02,2,131.42,227.26,124.43,Both,0.83,2.81,1.5,180,1.97,186.35,0.0373,1.58,3.3,377.55
48.29,9.12,0,154.52,275.3,181.02,Both,0.96,10.14,0.46,0,2.32,225.75,0.0543,1.82,3.3,243.84
31.72,33.9,0,34.91,141.25,200.0,Veg,0.77,6.66,1.7,0,0.52,115.82,0.06,1.46,1.7,127.93
30.77,12.06,0,78.02,282.5,114.84,MostlyVeg,0.94,6.46,0.6,0,1.17,231.65,0.0345,1.79,2.5,244.21
31.03,6.1,3,167.5,312.36,176.47,Both,0.96,6.52,0.3,270,2.51,256.14,0.0529,1.82,3.3,540.65
81.51,27.28,1,1.17,333.22,103.65,MostlyVeg,0.95,17.12,1.36,90,0.02,273.24,0.0311,1.8,2.5,386.08
42.3,26.41,2,70.31,250.85,170.39,MostlyVeg,0.32,8.88,1.32,180,1.05,205.7,0.0511,0.61,2.5,400.11
51.84,14.03,0,53.69,184.41,61.03,MostlyVeg,0.73,10.89,0.7,0,0.81,151.22,0.0183,1.39,2.5,167.51
48.59,32.73,0,228.51,229.0,108.78,NonVeg,0.3,10.2,1.64,0,3.43,187.78,0.0326,0.57,5.0,208.65
34.37,32.79,0,17.91,303.31,85.63,MostlyNonVeg,0.82,7.22,1.64,0,0.27,248.71,0.0257,1.56,4.2,263.62
78.1,28.46,1,77.01,249.99,142.11,Veg,0.89,16.4,1.42,90,1.16,204.99,0.0426,1.69,1.7,317.4
29.61,17.51,1,153.6,106.73,139.73,MostlyVeg,0.47,6.22,0.88,90,2.3,87.52,0.0419,0.89,2.5,190.35
61.02,17.99,0,134.49,172.89,163.56,Veg,0.53,12.81,0.9,0,2.02,141.77,0.0491,1.01,1.7,160.26
52.05,10.17,1,152.43,362.55,130.74,MostlyVeg,1.26,10.93,0.51,90,2.29,297.29,0.0392,2.39,2.5,405.95
44.6,32.27,0,93.77,209.0,180.8,Veg,0.68,9.37,1.61,0,1.41,171.38,0.0542,1.29,1.7,186.81
21.25,0.0,2,141.48,283.55,126.46,MostlyNonVeg,0.95,4.46,0.0,180,2.12,232.51,0.0379,1.8,4.2,425.14
26.17,17.41,0,0.0,129.57,83.6,MostlyVeg,0.86,5.5,0.87,0,0.0,106.25,0.0251,1.63,2.5,116.77
0.0,51.08,0,0.0,160.67,183.2,MostlyVeg,0.93,0.0,2.55,0,0.0,131.75,0.055,1.77,2.5,138.63
51.1,14.31,1,110.96,299.59,133.67,Both,0.73,10.73,0.72,90,1.66,245.66,0.0401,1.39,3.3,353.5
30.81,30.43,0,117.58,185.9,111.94,MostlyVeg,0.91,6.47,1.52,0,1.76,152.44,0.0336,1.73,2.5,166.46
51.02,0.6,0,64.51,68.32,169.17,MostlyVeg,0.57,10.71,0.03,0,0.97,56.02,0.0508,1.08,2.5,71.37
37.83,7.31,0,97.36,267.26,183.65,MostlyVeg,0.75,7.94,0.37,0,1.46,219.15,0.0551,1.42,2.5,232.9
65.65,0.0,0,118.69,141.83,143.06,Veg,0.96,13.79,0.0,0,1.78,116.3,0.0429,1.82,1.7,135.43
31.01,17.14,0,124.39,112.22,136.16,Veg,0.86,6.51,0.86,0,1.87,92.02,0.0408,1.63,1.7,104.63
20.55,26.35,1,146.44,244.92,92.05,MostlyVeg,1.08,4.32,1.32,90,2.2,200.83,0.0276,2.05,2.5,303.24
97.76,14.64,0,117.64,293.36,161.12,Veg,0.72,20.53,0.73,0,1.76,240.56,0.0483,1.37,1.7,266.7
18.55,20.06,1,91.25,278.98,117.78,Veg,0.59,3.9,1.0,90,1.37,228.76,0.0353,1.12,1.7,327.89
54.8,33.16,0,67.81,60.66,200.0,MostlyVeg,0.75,11.51,1.66,0,1.02,49.74,0.06,1.42,2.5,67.91
57.42,0.0,0,170.73,135.34,50.0,Both,0.64,12.06,0.0,0,2.56,110.98,0.015,1.22,3.3,130.13
69.31,33.87,0,174.2,272.74,59.16,MostlyNonVeg,0.99,14.56,1.69,0,2.61,223.65,0.0177,1.88,4.2,248.61
31.48,37.16,0,195.02,233.0,117.11,Both,1.12,6.61,1.86,0,2.93,191.06,0.0351,2.13,3.3,207.92
0.0,52.73,0,131.84,63.4,103.05,MostlyNonVeg,0.63,0.0,2.64,0,1.98,51.99,0.0309,1.2,4.2,62.03
52.47,23.25,0,0.0,103.32,138.87,MostlyVeg,0.3,11.02,1.16,0,0.0,84.72,0.0417,0.57,2.5,100.02
11.95,33.18,3,0.0,400.0,63.5,NonVeg,1.48,2.51,1.66,270,0.0,328.0,0.019,2.81,5.0,610.0
44.56,34.12,1,133.18,239.61,58.79,MostlyNonVeg,0.56,9.36,1.71,90,2.0,196.48,0.0176,1.06,4.2,304.82
43.73,19.56,0,48.3,72.22,129.21,NonVeg,1.22,9.18,0.98,0,0.72,59.22,0.0388,2.32,5.0,77.46
7.87,10.44,0,138.25,200.67,153.83,MostlyVeg,0.8,1.65,0.52,0,2.07,164.55,0.0461,1.52,2.5,172.86
54.89,26.74,2,119.4,163.01,126.32,NonVeg,0.61,11.53,1.34,180,1.79,133.67,0.0379,1.16,5.0,334.52
71.63,44.12,1,0.0,222.18,173.08,Veg,1.1,15.04,2.21,90,0.0,182.19,0.0519,2.09,1.7,293.28
33.48,30.93,0,51.13,251.07,80.17,Veg,1.05,7.03,1.55,0,0.77,205.88,0.0241,2.0,1.7,218.94
0.0,37.52,2,162.85,304.66,142.32,NonVeg,1.01,0.0,1.88,180,2.44,249.82,0.0427,1.92,5.0,441.1
41.76,28.28,0,129.65,193.06,136.95,NonVeg,0.58,8.77,1.41,0,1.94,158.31,0.0411,1.1,5.0,176.58
51.28,13.67,1,8.15,139.62,57.88,NonVeg,0.91,10.77,0.68,90,0.12,114.49,0.0174,1.73,5.0,222.81
29.14,33.48,1,5.69,134.33,165.25,Both,1.09,6.12,1.67,90,0.09,110.15,0.0496,2.07,3.3,213.45
52.05,37.35,0,0.0,137.99,200.0,MostlyVeg,0.39,10.93,1.87,0,0.0,113.15,0.06,0.74,2.5,129.25
32.06,2.76,1,48.71,339.99,50.0,MostlyVeg,0.36,6.73,0.14,90,0.73,278.79,0.015,0.68,2.5,379.59
49.05,50.46,0,156.27,272.99,193.83,NonVeg,0.98,10.3,2.52,0,2.34,223.85,0.0581,1.86,5.0,245.94
28.92,29.23,1,153.31,56.12,200.0,Both,0.57,6.07,1.46,90,2.3,46.02,0.06,1.08,3.3,150.3
24.16,38.18,0,124.72,266.95,93.61,Veg,0.64,5.07,1.91,0,1.87,218.9,0.0281,1.22,1.7,230.7
12.34,38.7,0,62.06,298.68,147.48,MostlyVeg,0.71,2.59,1.94,0,0.93,244.92,0.0442,1.35,2.5,254.27
9.54,32.36,0,41.45,207.53,115.63,MostlyVeg,1.01,2.0,1.62,0,0.62,170.17,0.0347,1.92,2.5,178.87
41.27,2.39,1,146.34,290.51,189.44,MostlyNonVeg,0.3,8.67,0.12,90,2.2,238.22,0.0568,0.57,4.2,344.03
24.12,24.79,0,75.22,130.03,119.54,Veg,0.48,5.07,1.24,0,1.13,106.62,0.0359,0.91,1.7,116.71
34.43,21.4,1,132.95,311.51,200.0,NonVeg,0.94,7.23,1.07,90,1.99,255.44,0.06,1.79,5.0,362.58
50.72,48.43,1,234.22,185.33,146.47,MostlyNonVeg,0.46,10.65,2.42,90,3.51,151.97,0.0439,0.87,4.2,263.67
100.0,45.95,0,38.85,112.03,57.11,Veg,0.73,21.0,2.3,0,0.58,91.86,0.0171,1.39,1.7,118.85
0.0,36.59,1,213.4,346.63,142.99,MostlyNonVeg,0.81,0.0,1.83,90,3.2,284.24,0.0429,1.54,4.2,385.05
100.0,27.99,1,0.0,190.5,158.33,Both,0.73,21.0,1.4,90,0.0,156.21,0.0475,1.39,3.3,273.34
65.48,43.51,1,31.27,204.91,106.93,Both,0.53,13.75,2.18,90,0.47,168.03,0.0321,1.01,3.3,278.76
52.12,12.77,0,36.82,211.76,154.82,MostlyNonVeg,1.03,10.95,0.64,0,0.55,173.64,0.0464,1.96,4.2,191.98
0.0,12.32,2,159.34,338.21,132.56,Veg,1.01,0.0,0.62,180,2.39,277.33,0.0398,1.92,1.7,464.0
30.09,17.56,0,124.12,171.76,120.16,Both,0.47,6.32,0.88,0,1.86,140.84,0.036,0.89,3.3,154.13
69.18,33.9,0,182.51,303.95,91.31,NonVeg,1.17,14.53,1.7,0,2.74,249.24,0.0274,2.22,5.0,275.45
40.67,40.68,0,0.0,239.99,118.03,MostlyVeg,0.63,8.54,2.03,0,0.0,196.79,0.0354,1.2,2.5,211.1
21.44,43.41,0,95.66,207.32,134.34,MostlyNonVeg,0.77,4.5,2.17,0,1.43,170.0,0.0403,1.46,4.2,183.81
29.23,24.39,0,25.42,50.0,103.36,Both,1.05,6.14,1.22,0,0.38,41.0,0.031,2.0,3.3,54.07
6.82,12.03,0,149.26,107.54,182.23,NonVeg,0.84,1.43,0.6,0,2.24,88.18,0.0547,1.6,5.0,99.11
58.18,20.56,2,35.1,262.79,50.0,Veg,0.95,12.22,1.03,180,0.53,215.49,0.015,1.8,1.7,412.78
95.49,45.37,0,0.0,293.76,168.23,Both,1.07,20.05,2.27,0,0.0,240.88,0.0505,2.03,3.3,268.59
5.76,31.53,1,131.65,138.8,97.42,NonVeg,0.79,1.21,1.58,90,1.97,113.82,0.0292,1.5,5.0,215.11
49.92,7.8,0,104.47,249.85,136.88,Veg,1.05,10.48,0.39,0,1.57,204.88,0.0411,2.0,1.7,221.05
38.17,31.28,1,124.83,191.21,134.41,MostlyVeg,0.3,8.02,1.56,90,1.87,156.79,0.0403,0.57,2.5,261.35
6.31,44.75,1,115.2,273.44,135.31,MostlyNonVeg,0.79,1.33,2.24,90,1.73,224.22,0.0406,1.5,4.2,325.25
100.0,35.07,0,116.98,259.87,200.0,MostlyVeg,0.92,21.0,1.75,0,1.75,213.09,0.06,1.75,2.5,241.91
22.81,16.52,0,20.78,269.51,144.68,NonVeg,0.65,4.79,0.83,0,0.31,221.0,0.0434,1.23,5.0,233.2
74.6,26.54,0,81.49,261.97,137.05,NonVeg,1.07,15.67,1.33,0,1.22,214.82,0.0411,2.03,5.0,240.1
42.61,18.54,2,175.22,391.32,181.12,Both,0.54,8.95,0.93,180,2.63,320.88,0.0543,1.03,3.3,517.77
39.54,25.94,0,45.3,380.65,50.0,Both,1.26,8.3,1.3,0,0.68,312.13,0.015,2.39,3.3,328.12
13.29,41.73,2,262.64,357.34,100.58,Both,1.17,2.79,2.09,180,3.94,293.02,0.0302,2.22,3.3,487.39
64.74,33.23,0,115.28,153.62,79.44,MostlyNonVeg,0.62,13.6,1.66,0,1.73,125.97,0.0238,1.18,4.2,148.36
43.56,0.0,1,241.64,122.56,178.36,NonVeg,0.76,9.15,0.0,90,3.62,100.5,0.0535,1.44,5.0,209.77
21.26,25.59,0,199.77,323.84,159.84,Both,0.81,4.46,1.28,0,3.0,265.55,0.048,1.54,3.3,279.18
84.84,24.24,0,167.38,248.72,125.15,MostlyVeg,0.82,17.82,1.21,0,2.51,203.95,0.0375,1.56,2.5,229.59
57.88,16.56,3,25.09,345.06,101.18,Veg,0.67,12.15,0.83,270,0.38,282.95,0.0304,1.27,1.7,569.31
42.45,3.99,1,0.0,225.82,111.44,Both,0.95,8.91,0.2,90,0.0,185.17,0.0334,1.8,3.3,289.42
54.11,12.36,0,48.49,161.02,162.76,Both,0.61,11.36,0.62,0,0.73,132.04,0.0488,1.16,3.3,149.25
40.97,46.26,2,35.93,393.24,111.05,MostlyNonVeg,0.78,8.6,2.31,180,0.54,322.46,0.0333,1.48,4.2,519.63
79.94,18.33,3,44.1,400.0,96.08,NonVeg,0.58,16.79,0.92,270,0.66,328.0,0.0288,1.1,5.0,622.5
57.95,45.94,0,179.13,229.03,50.0,MostlyNonVeg,1.23,12.17,2.3,0,2.69,187.8,0.015,2.34,4.2,211.51
68.13,8.71,0,162.66,351.56,106.06,Veg,0.88,14.31,0.44,0,2.44,288.28,0.0318,1.67,1.7,308.87
5.54,21.47,2,61.91,218.83,125.75,Veg,0.33,1.16,1.07,180,0.93,179.44,0.0377,0.63,1.7,364.97
60.93,28.02,0,64.33,192.64,173.23,MostlyNonVeg,1.26,12.8,1.4,0,0.96,157.96,0.052,2.39,4.2,179.77
0.0,41.31,0,92.43,306.82,116.8,MostlyNonVeg,1.15,0.0,2.07,0,1.39,251.59,0.035,2.18,4.2,261.46
68.74,52.44,0,66.03,144.08,100.44,NonVeg,1.23,14.44,2.62,0,0.99,118.15,0.0301,2.34,5.0,143.56
93.19,19.61,0,20.05,189.06,78.99,NonVeg,0.77,19.57,0.98,0,0.3,155.03,0.0237,1.46,5.0,182.37
30.09,49.59,3,31.23,264.62,114.46,Veg,0.3,6.32,2.48,270,0.47,216.99,0.0343,0.57,1.7,498.56
32.16,32.51,0,56.67,209.74,186.42,MostlyVeg,0.74,6.75,1.63,0,0.85,171.99,0.0559,1.41,2.5,185.18
65.8,26.21,2,136.77,375.61,146.17,NonVeg,0.3,13.82,1.31,180,2.05,308.0,0.0439,0.57,5.0,510.79
64.23,34.42,0,121.1,50.0,88.48,NonVeg,0.52,13.49,1.72,0,1.82,41.0,0.0265,0.99,5.0,64.04
35.94,42.28,0,264.18,123.27,135.54,MostlyNonVeg,0.98,7.55,2.11,0,3.96,101.08,0.0407,1.86,4.2,120.81
0.0,42.53,1,153.33,85.95,200.0,NonVeg,1.19,0.0,2.13,90,2.3,70.48,0.06,2.26,5.0,172.23
47.41,2.14,1,201.31,167.68,79.36,MostlyNonVeg,0.93,9.96,0.11,90,3.02,137.5,0.0238,1.77,4.2,246.57
14.78,13.83,0,0.0,276.86,95.23,NonVeg,0.8,3.1,0.69,0,0.0,227.03,0.0286,1.52,5.0,237.37
43.85,30.09,0,57.67,72.55,122.18,MostlyNonVeg,1.23,9.21,1.5,0,0.87,59.49,0.0367,2.34,4.2,77.64
32.02,47.24,0,93.87,261.87,170.75,MostlyVeg,0.3,6.72,2.36,0,1.41,214.73,0.0512,0.57,2.5,228.35
32.02,51.41,1,49.28,293.84,152.63,MostlyVeg,0.68,6.72,2.57,90,0.74,240.95,0.0458,1.29,2.5,344.82
66.75,19.87,0,56.13,138.06,153.1,Both,0.81,14.02,0.99,0,0.84,113.21,0.0459,1.54,3.3,133.95
0.0,4.82,1,94.2,256.89,76.13,MostlyNonVeg,0.7,0.0,0.24,90,1.41,210.65,0.0228,1.33,4.2,307.86
19.64,40.9,0,32.53,50.0,95.94,Veg,1.09,4.12,2.04,0,0.49,41.0,0.0288,2.07,1.7,51.46
48.1,21.28,0,0.0,311.64,55.14,Both,0.75,10.1,1.06,0,0.0,255.54,0.0165,1.42,3.3,271.45
56.36,12.39,0,44.47,117.93,103.06,MostlyVeg,1.06,11.84,0.62,0,0.67,96.7,0.0309,2.01,2.5,114.37
44.24,29.8,0,106.11,161.35,176.37,MostlyNonVeg,1.5,9.29,1.49,0,1.59,132.31,0.0529,2.85,4.2,151.78
53.85,33.92,0,71.72,181.89,68.24,Both,0.96,11.31,1.7,0,1.08,149.15,0.0205,1.82,3.3,168.37
52.47,21.79,0,105.62,143.21,143.69,Both,0.74,11.02,1.09,0,1.58,117.43,0.0431,1.41,3.3,135.87
29.52,13.91,0,54.92,309.75,115.32,Both,0.77,6.2,0.7,0,0.82,253.99,0.0346,1.46,3.3,266.51
14.86,52.12,1,107.46,285.57,120.81,Veg,0.92,3.12,2.61,90,1.61,234.17,0.0362,1.75,1.7,334.99
46.36,60.29,0,189.83,397.83,132.02,Veg,1.12,9.74,3.01,0,2.85,326.22,0.0396,2.13,1.7,345.69
21.41,20.5,0,67.43,104.78,200.0,NonVeg,0.46,4.5,1.03,0,1.01,85.92,0.06,0.87,5.0,98.39
69.78,4.4,1,0.0,300.15,136.64,Veg,0.78,14.65,0.22,90,0.0,246.12,0.041,1.48,1.7,354.22
94.14,26.71,1,74.51,194.61,106.75,MostlyNonVeg,1.04,19.77,1.34,90,1.12,159.58,0.032,1.98,4.2,278.01
13.72,7.46,0,152.77,400.0,50.0,Both,0.62,2.88,0.37,0,2.29,328.0,0.015,1.18,3.3,338.04
63.82,66.01,0,70.49,155.54,181.28,NonVeg,0.83,13.4,3.3,0,1.06,127.54,0.0544,1.58,5.0,151.93
55.23,45.72,0,81.14,79.03,200.0,MostlyVeg,0.56,11.6,2.29,0,1.22,64.8,0.06,1.06,2.5,83.53
41.41,31.93,0,63.35,188.83,74.19,Both,0.92,8.7,1.6,0,0.95,154.84,0.0223,1.75,3.3,171.15
27.25,40.49,0,118.99,195.69,101.79,Both,0.41,5.72,2.02,0,1.78,160.47,0.0305,0.78,3.3,174.11
17.19,32.28,1,26.65,288.29,134.47,MostlyNonVeg,0.95,3.61,1.61,90,0.4,236.4,0.0403,1.8,4.2,338.07
0.0,53.35,0,78.77,163.88,184.83,MostlyVeg,0.4,0.0,2.67,0,1.18,134.38,0.0554,0.76,2.5,141.55
37.21,17.62,1,187.75,353.28,116.01,Veg,0.35,7.81,0.88,90,2.82,289.69,0.0348,0.66,1.7,393.6
22.55,3.29,0,241.14,73.06,50.0,Veg,1.01,4.74,0.16,0,3.62,59.91,0.015,1.92,1.7,72.06
48.82,8.0,1,94.22,240.27,156.81,MostlyNonVeg,1.05,10.25,0.4,90,1.41,197.02,0.047,2.0,4.2,305.33
20.93,29.45,0,21.75,54.36,142.1,MostlyVeg,0.93,4.4,1.47,0,0.33,44.58,0.0426,1.77,2.5,55.08
6.41,33.43,0,2.38,348.69,65.07,Veg,1.07,1.35,1.67,0,0.04,285.93,0.0195,2.03,1.7,292.73
46.34,32.3,0,183.25,172.34,145.47,Veg,0.74,9.73,1.62,0,2.75,141.32,0.0436,1.41,1.7,158.56
28.02,11.4,0,207.28,316.51,149.07,Both,0.3,5.88,0.57,0,3.11,259.54,0.0447,0.57,3.3,273.02
0.1,35.36,1,68.29,298.44,84.53,MostlyNonVeg,0.93,0.02,1.77,90,1.02,244.72,0.0254,1.77,4.2,343.53
46.76,42.37,0,35.49,228.63,144.9,MostlyVeg,0.74,9.82,2.12,0,0.53,187.48,0.0435,1.41,2.5,203.9
9.67,0.0,0,143.99,199.62,81.27,Both,0.75,2.03,0.0,0,2.16,163.69,0.0244,1.42,3.3,172.63
61.29,36.71,0,257.74,212.37,50.0,Veg,0.86,12.87,1.84,0,3.87,174.14,0.015,1.63,1.7,196.06
39.09,49.32,1,37.48,230.56,50.0,MostlyVeg,0.45,8.21,2.47,90,0.56,189.06,0.015,0.86,2.5,293.67
34.91,17.68,1,107.48,280.72,86.84,MostlyVeg,1.44,7.33,0.88,90,1.61,230.19,0.0261,2.74,2.5,335.28
36.94,41.46,1,199.14,327.33,166.19,MostlyNonVeg,0.93,7.76,2.07,90,2.99,268.41,0.0499,1.77,4.2,377.24
21.95,40.87,1,0.0,240.44,200.0,NonVeg,0.94,4.61,2.04,90,0.0,197.16,0.06,1.79,5.0,300.66
38.23,13.68,0,82.61,129.88,184.53,NonVeg,0.67,8.03,0.68,0,1.24,106.5,0.0554,1.27,5.0,122.78
10.17,28.65,0,120.72,63.5,125.28,NonVeg,0.31,2.14,1.43,0,1.81,52.07,0.0376,0.59,5.0,63.08
67.91,42.52,0,115.34,318.42,188.89,Both,0.77,14.26,2.13,0,1.73,261.1,0.0567,1.46,3.3,284.04
0.0,2.33,0,135.67,365.29,50.0,MostlyVeg,1.01,0.0,0.12,0,2.04,299.54,0.015,1.92,2.5,306.12
66.6,5.12,0,0.0,253.36,152.06,MostlyNonVeg,0.96,13.99,0.26,0,0.0,207.76,0.0456,1.82,4.2,228.07
61.02,12.32,0,129.97,195.18,81.11,Veg,0.55,12.81,0.62,0,1.95,160.05,0.0243,1.04,1.7,178.2
40.18,20.33,0,112.91,234.39,154.33,MostlyVeg,0.92,8.44,1.02,0,1.69,192.2,0.0463,1.75,2.5,207.64
13.95,20.05,1,158.56,239.64,163.04,Veg,0.32,2.93,1.0,90,2.38,196.5,0.0489,0.61,1.7,295.17
0.0,33.38,0,189.62,101.29,66.72,MostlyVeg,0.73,0.0,1.67,0,2.84,83.06,0.02,1.39,2.5,91.48
49.72,22.71,0,93.4,318.13,119.85,MostlyVeg,1.09,10.44,1.14,0,1.4,260.87,0.036,2.07,2.5,278.45
41.61,36.22,3,122.45,341.12,50.0,MostlyVeg,0.85,8.74,1.81,270,1.84,279.72,0.015,1.62,2.5,566.23
27.53,21.07,0,205.67,208.4,75.16,MostlyNonVeg,0.52,5.78,1.05,0,3.09,170.89,0.0225,0.99,4.2,186.02
9.06,3.99,1,209.1,215.99,136.14,MostlyVeg,0.53,1.9,0.2,90,3.14,177.11,0.0408,1.01,2.5,275.9
42.37,32.75,3,76.82,249.46,174.41,Both,1.27,8.9,1.64,270,1.15,204.56,0.0523,2.41,3.3,492.01
71.43,5.46,1,267.84,279.59,200.0,MostlyNonVeg,0.82,15.0,0.27,90,4.02,229.26,0.06,1.56,4.2,344.37
52.84,0.0,0,78.23,145.04,132.94,MostlyNonVeg,0.92,11.1,0.0,0,1.17,118.93,0.0399,1.75,4.2,137.19
7.93,13.49,0,192.22,278.22,57.24,Veg,0.35,1.67,0.67,0,2.88,228.14,0.0172,0.66,1.7,235.75
20.78,10.68,0,0.0,209.85,155.53,Both,0.93,4.36,0.53,0,0.0,172.08,0.0467,1.77,3.3,182.09
66.74,19.08,0,0.0,231.47,173.3,MostlyNonVeg,0.33,14.02,0.95,0,0.0,189.81,0.052,0.63,4.2,209.65
29.82,19.45,0,164.52,113.52,78.71,MostlyVeg,0.82,6.26,0.97,0,2.47,93.09,0.0236,1.56,2.5,106.87
11.41,65.86,0,62.95,217.99,170.69,Both,0.94,2.4,3.29,0,0.94,178.75,0.0512,1.79,3.3,190.52
26.18,22.05,0,201.23,243.02,172.25,NonVeg,0.3,5.5,1.1,0,3.02,199.28,0.0517,0.57,5.0,214.52
62.32,43.94,0,109.59,240.37,134.73,Veg,0.97,13.09,2.2,0,1.64,197.1,0.0404,1.84,1.7,217.61
20.6,19.66,2,111.75,400.0,68.99,Veg,0.7,4.33,0.98,180,1.68,328.0,0.0207,1.33,1.7,518.04
0.0,35.0,0,68.87,172.67,141.08,Veg,0.46,0.0,1.75,0,1.03,141.59,0.0423,0.87,1.7,146.99
60.76,43.97,1,43.1,251.76,127.79,NonVeg,0.92,12.76,2.2,90,0.65,206.44,0.0383,1.75,5.0,318.83
26.95,17.77,2,63.68,314.99,145.05,NonVeg,1.02,5.66,0.89,180,0.96,258.29,0.0435,1.94,5.0,452.78
30.76,25.92,2,145.31,400.0,147.73,Veg,1.15,6.46,1.3,180,2.18,328.0,0.0443,2.18,1.7,521.86
49.61,13.36,0,206.71,242.66,64.02,Veg,0.3,10.42,0.67,0,3.1,198.98,0.0192,0.57,1.7,215.46
44.91,36.86,1,0.0,344.28,130.45,MostlyVeg,1.16,9.43,1.84,90,0.0,282.31,0.0391,2.2,2.5,388.33
67.0,21.88,0,147.78,188.35,62.9,NonVeg,1.42,14.07,1.09,0,2.22,154.45,0.0189,2.7,5.0,179.54
54.49,43.13,1,257.05,227.86,170.18,NonVeg,1.05,11.44,2.16,90,3.86,186.85,0.0511,2.0,5.0,301.35
19.97,10.88,0,11.24,239.96,124.3,MostlyNonVeg,0.83,4.19,0.54,0,0.17,196.77,0.0373,1.58,4.2,207.49
51.75,20.82,0,56.02,250.68,125.43,Both,0.68,10.87,1.04,0,0.84,205.56,0.0376,1.29,3.3,222.94
31.88,40.0,1,169.02,252.49,50.0,MostlyNonVeg,1.28,6.69,2.0,90,2.54,207.04,0.015,2.43,4.2,314.92
46.62,41.51,0,144.36,220.71,108.02,Both,0.65,9.79,2.08,0,2.17,180.98,0.0324,1.23,3.3,199.58
60.68,10.45,0,158.4,293.05,50.0,MostlyNonVeg,0.91,12.74,0.52,0,2.38,240.3,0.015,1.73,4.2,261.89
67.16,7.98,0,111.4,300.67,126.23,Both,0.74,14.1,0.4,0,1.67,246.55,0.0379,1.41,3.3,267.47
49.06,15.54,0,120.2,256.51,107.85,MostlyNonVeg,0.73,10.3,0.78,0,1.8,210.34,0.0324,1.39,4.2,228.84
57.7,35.17,1,187.32,354.05,103.27,MostlyNonVeg,0.86,12.12,1.76,90,2.81,290.32,0.031,1.63,4.2,402.87
79.39,43.05,1,134.33,400.0,130.8,Veg,1.27,16.67,2.15,90,2.01,328.0,0.0392,2.41,1.7,442.99
60.54,10.02,2,49.03,193.91,154.11,Veg,0.57,12.71,0.5,180,0.74,159.01,0.0462,1.08,1.7,355.79
49.94,29.91,0,8.41,316.15,50.0,Both,0.44,10.49,1.5,0,0.13,259.24,0.015,0.84,3.3,275.5
77.48,37.9,0,41.63,172.82,109.22,MostlyVeg,0.47,16.27,1.9,0,0.62,141.71,0.0328,0.89,2.5,163.93
44.72,21.64,3,244.39,362.18,75.74,MostlyVeg,0.3,9.39,1.08,270,3.67,296.99,0.0227,0.57,2.5,584.22
32.96,46.36,0,219.18,237.9,107.68,NonVeg,1.03,6.92,2.32,0,3.29,195.08,0.0323,1.96,5.0,214.59
39.95,17.43,0,65.68,353.74,50.0,Both,1.1,8.39,0.87,0,0.99,290.07,0.015,2.09,3.3,305.72
70.75,14.0,0,203.77,335.03,169.04,Both,0.5,14.86,0.7,0,3.06,274.72,0.0507,0.95,3.3,297.64
52.59,38.55,1,152.34,186.75,116.18,MostlyVeg,0.82,11.04,1.93,90,2.29,153.14,0.0349,1.56,2.5,262.48
58.38,25.79,0,191.41,212.27,200.0,NonVeg,0.3,12.26,1.29,0,2.87,174.06,0.06,0.57,5.0,196.11
0.45,14.37,1,112.7,297.45,200.0,Both,0.3,0.09,0.72,90,1.69,243.91,0.06,0.57,3.3,340.34
23.8,60.42,2,114.99,332.82,142.38,Veg,0.71,5.0,3.02,180,1.72,272.91,0.0427,1.35,1.7,465.75
90.3,29.42,2,60.76,354.7,173.02,MostlyNonVeg,1.2,18.96,1.47,180,0.91,290.85,0.0519,2.28,4.2,498.73
67.01,4.11,0,165.81,127.42,144.08,MostlyVeg,1.22,14.07,0.21,0,2.49,104.48,0.0432,2.32,2.5,126.11
58.3,6.22,1,10.83,186.53,138.16,Veg,0.79,12.24,0.31,90,0.16,152.95,0.0414,1.5,1.7,258.91
35.35,28.26,0,138.77,132.36,50.0,Veg,1.05,7.42,1.41,0,2.08,108.54,0.015,2.0,1.7,123.16
3.97,35.94,1,23.76,258.7,131.98,MostlyNonVeg,0.89,0.83,1.8,90,0.36,212.13,0.0396,1.69,4.2,311.05
41.01,39.11,0,163.48,215.1,94.14,Veg,1.47,8.61,1.96,0,2.45,176.38,0.0282,2.79,1.7,193.92
83.06,21.02,1,128.29,128.44,174.29,Veg,0.42,17.44,1.05,90,1.92,105.32,0.0523,0.8,1.7,218.29
52.16,26.75,1,163.94,248.57,144.63,MostlyNonVeg,1.48,10.95,1.34,90,2.46,203.83,0.0434,2.81,4.2,315.63
20.47,24.64,0,29.67,151.13,78.39,Both,0.6,4.3,1.23,0,0.45,123.93,0.0235,1.14,3.3,134.37
39.0,23.52,0,117.63,239.83,107.25,MostlyVeg,0.8,8.19,1.18,0,1.76,196.66,0.0322,1.52,2.5,211.84
41.83,25.6,2,165.48,394.73,50.0,MostlyVeg,0.48,8.78,1.28,180,2.48,323.68,0.015,0.91,2.5,519.65
100.0,36.86,0,0.0,213.59,78.69,Veg,0.54,21.0,1.84,0,0.0,175.14,0.0236,1.03,1.7,200.74
29.67,49.3,2,132.69,207.02,122.17,Both,1.31,6.23,2.46,180,1.99,169.76,0.0367,2.49,3.3,366.27
0.0,1.7,1,223.31,334.87,113.16,MostlyVeg,1.02,0.0,0.08,90,3.35,274.59,0.0339,1.94,2.5,372.5
23.24,12.56,0,113.15,293.9,105.22,Veg,1.13,4.88,0.63,0,1.7,241.0,0.0316,2.15,1.7,252.08
28.13,51.68,3,181.45,261.68,50.0,MostlyVeg,0.59,5.91,2.58,270,2.72,214.58,0.015,1.12,2.5,499.43
25.61,17.74,1,94.72,272.43,141.18,Both,0.41,5.38,0.89,90,1.42,223.39,0.0424,0.78,3.3,325.2
9.95,41.11,3,126.93,294.0,77.18,Veg,1.02,2.09,2.06,270,1.9,241.08,0.0232,1.94,1.7,520.79
36.74,35.71,0,3.19,246.63,61.83,MostlyVeg,0.62,7.72,1.79,0,0.05,202.24,0.0185,1.18,2.5,215.48
0.0,16.72,0,37.38,206.08,124.19,MostlyNonVeg,1.21,0.0,0.84,0,0.56,168.99,0.0373,2.3,4.2,176.92
27.06,23.64,0,111.36,150.85,50.0,Veg,1.24,5.68,1.18,0,1.67,123.7,0.015,2.36,1.7,136.3
52.61,24.22,3,179.49,378.8,82.59,Both,1.12,11.05,1.21,270,2.69,310.62,0.0248,2.13,3.3,601.02
40.14,9.94,0,139.39,159.08,77.99,Veg,0.71,8.43,0.5,0,2.09,130.45,0.0234,1.35,1.7,144.54
12.93,21.72,1,107.75,341.11,112.78,NonVeg,0.49,2.72,1.09,90,1.62,279.71,0.0338,0.93,5.0,381.09
0.0,38.31,0,135.45,259.86,200.0,MostlyVeg,0.73,0.0,1.92,0,2.03,213.09,0.06,1.39,2.5,220.98
57.63,3.05,0,89.37,386.68,200.0,Both,1.31,12.1,0.15,0,1.34,317.08,0.06,2.49,3.3,336.52
0.0,17.49,2,300.0,375.27,139.0,MostlyVeg,0.54,0.0,0.87,180,4.5,307.72,0.0417,1.03,2.5,496.66
84.81,37.24,2,117.69,400.0,110.38,Both,0.66,17.81,1.86,180,1.77,328.0,0.0331,1.25,3.3,534.02
46.31,28.09,0,211.7,209.2,95.69,NonVeg,1.09,9.73,1.4,0,3.18,171.54,0.0287,2.07,5.0,192.95
79.39,8.16,0,132.54,229.26,146.37,NonVeg,0.48,16.67,0.41,0,1.99,187.99,0.0439,0.91,5.0,213.02
69.87,23.83,0,222.75,153.98,50.0,Veg,0.33,14.67,1.19,0,3.34,126.26,0.015,0.63,1.7,147.81
19.06,16.9,2,164.65,277.95,71.35,Veg,1.02,4.0,0.84,180,2.47,227.92,0.0214,1.94,1.7,418.9
19.44,24.07,1,0.0,170.36,163.43,MostlyVeg,0.76,4.08,1.2,90,0.0,139.7,0.049,1.44,2.5,238.97
37.73,0.0,1,0.0,241.05,62.65,Veg,0.62,7.92,0.0,90,0.0,197.66,0.0188,1.18,1.7,298.48
53.68,29.96,0,97.85,129.45,133.78,NonVeg,1.04,11.27,1.5,0,1.47,106.15,0.0401,1.98,5.0,127.4
46.44,38.29,0,143.76,115.13,120.15,Both,0.97,9.75,1.91,0,2.16,94.41,0.036,1.84,3.3,113.41
37.87,5.34,0,276.9,54.47,161.75,NonVeg,0.3,7.95,0.27,0,4.15,44.67,0.0485,0.57,5.0,62.66
24.09,20.76,0,86.1,172.84,58.35,NonVeg,0.9,5.06,1.04,0,1.29,141.73,0.0175,1.71,5.0,155.84
19.97,23.66,0,3.4,140.3,150.34,MostlyNonVeg,0.82,4.19,1.18,0,0.05,115.05,0.0451,1.56,4.2,126.28
99.43,16.04,0,75.93,215.61,128.87,MostlyNonVeg,0.92,20.88,0.8,0,1.14,176.8,0.0387,1.75,4.2,205.61
15.69,0.0,0,59.81,232.39,132.38,Veg,1.28,3.29,0.0,0,0.9,190.56,0.0397,2.43,1.7,198.92
56.03,11.61,3,204.25,400.0,99.23,Veg,1.01,11.77,0.58,270,3.06,328.0,0.0298,1.92,1.7,617.06
44.31,0.0,0,118.62,234.4,72.65,NonVeg,0.37,9.31,0.0,0,1.78,192.21,0.0218,0.7,5.0,209.02
38.39,0.0,0,17.94,270.23,178.37,NonVeg,0.82,8.06,0.0,0,0.27,221.59,0.0535,1.56,5.0,236.53
44.41,15.67,0,34.85,117.36,77.95,MostlyVeg,0.3,9.33,0.78,0,0.52,96.24,0.0234,0.57,2.5,109.96
34.35,43.47,3,88.86,280.48,134.88,MostlyNonVeg,1.5,7.21,2.17,270,1.33,229.99,0.0405,2.85,4.2,517.8
40.3,35.29,0,135.51,202.96,168.13,MostlyNonVeg,0.68,8.46,1.76,0,2.03,166.43,0.0504,1.29,4.2,184.23
27.03,34.47,0,131.32,161.9,70.66,Both,0.53,5.68,1.72,0,1.97,132.76,0.0212,1.01,3.3,146.46
58.62,4.18,0,0.0,282.45,189.19,MostlyNonVeg,0.76,12.31,0.21,0,0.0,231.61,0.0568,1.44,4.2,249.83
97.03,4.59,1,207.37,129.27,74.42,Both,0.55,20.38,0.23,90,3.11,106.0,0.0223,1.04,3.3,224.09
50.81,9.56,0,0.0,211.49,133.81,MostlyNonVeg,0.94,10.67,0.48,0,0.0,173.42,0.0401,1.79,4.2,190.6
9.98,9.49,0,126.1,116.96,142.01,Both,1.12,2.1,0.47,0,1.89,95.91,0.0426,2.13,3.3,105.84
53.73,14.71,0,112.22,252.34,172.82,MostlyNonVeg,0.57,11.28,0.74,0,1.68,206.92,0.0518,1.08,4.2,225.96
26.86,64.81,1,126.05,275.92,85.42,MostlyVeg,0.75,5.64,3.24,90,1.89,226.25,0.0256,1.42,2.5,330.98
19.39,3.86,0,160.75,225.13,104.45,NonVeg,1.46,4.07,0.19,0,2.41,184.61,0.0313,2.77,5.0,199.09
29.66,58.62,0,158.96,104.42,104.45,MostlyNonVeg,1.01,6.23,2.93,0,2.38,85.62,0.0313,1.92,4.2,103.32
8.47,20.86,3,0.63,187.33,111.6,MostlyVeg,1.1,1.78,1.04,270,0.01,153.61,0.0335,2.09,2.5,431.07
22.03,12.11,1,82.18,165.5,148.53,MostlyVeg,0.54,4.63,0.61,90,1.23,135.71,0.0446,1.03,2.5,235.75
32.47,20.45,0,25.47,293.68,106.34,Veg,0.42,6.82,1.02,0,0.38,240.82,0.0319,0.8,1.7,251.57
22.14,17.11,1,143.75,338.69,178.67,Both,0.44,4.65,0.86,90,2.16,277.73,0.0536,0.84,3.3,379.58
41.9,17.05,1,139.1,212.06,84.12,Veg,1.17,8.8,0.85,90,2.09,173.89,0.0252,2.22,1.7,279.58
0.0,23.43,0,119.74,50.0,140.52,NonVeg,0.59,0.0,1.17,0,1.8,41.0,0.0422,1.12,5.0,50.13
14.12,49.83,0,68.23,219.87,200.0,NonVeg,0.89,2.97,2.49,0,1.02,180.29,0.06,1.69,5.0,193.52
19.19,19.29,0,58.6,198.19,50.0,Veg,0.96,4.03,0.96,0,0.88,162.52,0.015,1.82,1.7,171.93
46.5,28.24,0,56.27,199.44,79.61,Veg,0.56,9.76,1.41,0,0.84,163.54,0.0239,1.06,1.7,178.35
9.4,30.77,1,0.0,208.03,66.92,Both,0.88,1.97,1.54,90,0.0,170.58,0.0201,1.67,3.3,269.09
61.18,0.0,3,59.42,284.55,115.3,MostlyVeg,1.25,12.85,0.0,270,0.89,233.33,0.0346,2.38,2.5,521.98
17.22,27.96,1,82.07,250.45,152.4,MostlyNonVeg,0.92,3.62,1.4,90,1.23,205.37,0.0457,1.75,4.2,307.61
82.63,16.14,0,70.81,377.29,178.29,MostlyNonVeg,1.03,17.35,0.81,0,1.06,309.38,0.0535,1.96,4.2,334.81
59.89,23.65,0,91.14,330.44,79.93,MostlyVeg,0.79,12.58,1.18,0,1.37,270.96,0.024,1.5,2.5,290.11
66.11,24.15,0,97.48,252.17,125.03,NonVeg,0.8,13.88,1.21,0,1.46,206.78,0.0375,1.52,5.0,229.89
27.33,28.74,0,222.93,208.08,131.11,Both,1.03,5.74,1.44,0,3.34,170.63,0.0393,1.96,3.3,186.44
44.94,30.92,1,70.18,208.68,176.85,Both,0.5,9.44,1.55,90,1.05,171.12,0.0531,0.95,3.3,277.46
50.39,6.64,2,123.5,176.67,101.07,Veg,1.13,10.58,0.33,180,1.85,144.87,0.0303,2.15,1.7,341.51
25.84,17.03,0,6.37,180.54,135.34,NonVeg,0.72,5.43,0.85,0,0.1,148.04,0.0406,1.37,5.0,160.82
45.66,27.43,0,117.85,100.0,50.0,Veg,1.27,9.59,1.37,0,1.77,82.0,0.015,2.41,1.7,98.86
43.04,29.53,0,114.38,139.87,99.49,MostlyNonVeg,0.31,9.04,1.48,0,1.72,114.69,0.0298,0.59,4.2,131.74
78.99,28.86,1,23.53,193.67,50.0,MostlyNonVeg,1.05,16.59,1.44,90,0.35,158.81,0.015,2.0,4.2,273.4
42.25,60.17,1,106.14,219.11,155.63,Both,0.88,8.87,3.01,90,1.59,179.67,0.0467,1.67,3.3,288.16
33.12,19.4,2,144.91,250.09,72.26,Both,0.91,6.96,0.97,180,2.17,205.07,0.0217,1.73,3.3,400.22
38.99,31.43,0,1.77,160.53,92.81,MostlyNonVeg,0.97,8.19,1.57,0,0.03,131.63,0.0278,1.84,4.2,147.49
20.74,41.51,0,117.1,289.62,167.88,Both,1.14,4.36,2.08,0,1.76,237.49,0.0504,2.17,3.3,251.19
8.86,0.0,0,35.13,216.8,76.63,Both,0.72,1.86,0.0,0,0.53,177.78,0.023,1.37,3.3,184.85
71.17,55.94,1,172.88,243.02,108.26,Veg,0.89,14.95,2.8,90,2.59,199.28,0.0325,1.69,1.7,313.04
41.43,1.26,1,30.53,204.98,159.87,MostlyNonVeg,0.56,8.7,0.06,90,0.46,168.08,0.048,1.06,4.2,272.62
24.52,4.64,2,6.35,388.23,146.2,MostlyNonVeg,1.2,5.15,0.23,180,0.1,318.35,0.0439,2.28,4.2,510.35
22.15,27.39,0,61.73,256.28,135.19,MostlyVeg,0.8,4.65,1.37,0,0.93,210.15,0.0406,1.52,2.5,221.16
33.88,0.0,1,145.18,347.02,101.42,MostlyNonVeg,1.1,7.11,0.0,90,2.18,284.56,0.0304,2.09,4.2,390.17
18.93,6.06,0,140.32,188.85,104.4,MostlyNonVeg,0.82,3.98,0.3,0,2.1,154.86,0.0313,1.56,4.2,167.03
86.87,24.25,0,0.0,239.14,50.0,NonVeg,1.14,18.24,1.21,0,0.0,196.09,0.015,2.17,5.0,222.73
40.75,2.62,0,221.97,167.27,112.39,MostlyNonVeg,0.75,8.56,0.13,0,3.33,137.16,0.0337,1.42,4.2,154.84
86.13,34.33,0,173.46,139.05,79.3,MostlyVeg,0.39,18.09,1.72,0,2.6,114.02,0.0238,0.74,2.5,139.69
77.88,25.83,0,126.88,241.64,84.53,Veg,0.35,16.35,1.29,0,1.9,198.14,0.0254,0.66,1.7,220.08
58.9,15.45,0,138.28,183.75,160.93,Both,0.91,12.37,0.77,0,2.07,150.67,0.0483,1.73,3.3,170.97
24.38,24.05,1,74.56,331.51,109.2,Both,0.76,5.12,1.2,90,1.12,271.84,0.0328,1.44,3.3,374.06
65.94,24.48,0,62.07,276.07,187.5,MostlyVeg,1.09,13.85,1.22,0,0.93,226.38,0.0562,2.07,2.5,247.01
5.67,23.37,3,119.06,245.97,165.44,MostlyVeg,1.09,1.19,1.17,270,1.79,201.7,0.0496,2.07,2.5,480.46
27.97,30.41,2,50.97,246.12,137.73,NonVeg,0.62,5.87,1.52,180,0.76,201.82,0.0413,1.18,5.0,396.2
52.52,37.91,0,132.26,75.91,125.17,MostlyVeg,0.84,11.03,1.9,0,1.98,62.25,0.0376,1.6,2.5,81.29
8.96,14.25,0,89.43,149.62,88.37,MostlyNonVeg,0.55,1.88,0.71,0,1.34,122.69,0.0265,1.04,4.2,131.9
30.56,21.87,0,209.55,146.29,122.42,MostlyNonVeg,0.65,6.42,1.09,0,3.14,119.96,0.0367,1.23,4.2,136.08
10.74,1.48,0,88.65,400.0,200.0,MostlyNonVeg,1.14,2.26,0.07,0,1.33,328.0,0.06,2.17,4.2,338.09
40.71,16.27,1,57.31,266.99,168.49,Both,0.61,8.55,0.81,90,0.86,218.93,0.0505,1.16,3.3,323.66
63.83,31.29,0,58.15,58.86,95.95,MostlyNonVeg,0.87,13.4,1.56,0,0.87,48.27,0.0288,1.65,4.2,69.99
30.24,49.73,1,65.47,134.71,129.45,Veg,0.3,6.35,2.49,90,0.98,110.46,0.0388,0.57,1.7,212.59
33.22,65.94,0,157.69,367.19,99.82,Both,0.41,6.98,3.3,0,2.37,301.1,0.0299,0.78,3.3,317.84
0.0,1.88,1,123.87,212.96,102.82,MostlyVeg,0.87,0.0,0.09,90,1.86,174.63,0.0308,1.65,2.5,270.76
20.6,12.23,0,175.49,175.67,200.0,Veg,0.67,4.33,0.61,0,2.63,144.05,0.06,1.27,1.7,154.65
86.5,18.19,0,167.95,212.02,177.37,Both,0.9,18.16,0.91,0,2.52,173.86,0.0532,1.71,3.3,200.51
52.1,22.04,0,92.08,140.35,50.0,MostlyVeg,0.95,10.94,1.1,0,1.38,115.09,0.015,1.8,2.5,132.83
22.86,36.88,1,90.99,313.86,130.99,Both,0.98,4.8,1.84,90,1.36,257.37,0.0393,1.86,3.3,360.58
57.8,27.45,0,93.41,190.71,76.82,MostlyNonVeg,0.31,12.14,1.37,0,1.4,156.38,0.023,0.59,4.2,176.11
60.49,33.09,1,196.16,246.79,173.0,Both,1.03,12.7,1.65,90,2.94,202.37,0.0519,1.96,3.3,314.98
80.62,28.8,0,122.29,223.73,50.88,MostlyNonVeg,0.3,16.93,1.44,0,1.83,183.46,0.0153,0.57,4.2,208.45
93.9,18.5,0,140.16,233.1,80.18,MostlyVeg,0.8,19.72,0.92,0,2.1,191.14,0.0241,1.52,2.5,217.93
72.68,17.2,3,166.28,325.95,100.76,Both,0.91,15.26,0.86,270,2.49,267.28,0.0302,1.73,3.3,560.96
74.37,39.76,0,10.9,179.82,180.45,MostlyNonVeg,0.82,15.62,1.99,0,0.16,147.45,0.0541,1.56,4.2,171.03
19.07,29.85,0,80.81,196.21,150.75,Both,0.97,4.0,1.49,0,1.21,160.89,0.0452,1.84,3.3,172.79
18.56,43.06,0,61.82,190.49,112.25,MostlyVeg,0.48,3.9,2.15,0,0.93,156.2,0.0337,0.91,2.5,166.63
44.99,18.73,0,261.78,235.16,139.32,MostlyNonVeg,0.99,9.45,0.94,0,3.93,192.83,0.0418,1.88,4.2,213.27
84.73,17.59,0,141.23,125.9,189.46,MostlyVeg,0.9,17.79,0.88,0,2.12,103.24,0.0568,1.71,2.5,128.3
79.17,21.29,0,113.34,62.8,89.99,Both,1.15,16.63,1.06,0,1.7,51.5,0.027,2.18,3.3,76.4
52.71,29.61,0,0.0,185.42,195.73,NonVeg,0.67,11.07,1.48,0,0.0,152.04,0.0587,1.27,5.0,170.93
55.71,8.14,0,0.0,212.51,174.76,Veg,0.7,11.7,0.41,0,0.0,174.26,0.0524,1.33,1.7,189.45
26.26,0.0,2,142.6,365.94,162.92,Veg,0.92,5.51,0.0,180,2.14,300.07,0.0489,1.75,1.7,491.22
58.92,0.0,0,105.26,227.59,196.7,Both,1.39,12.37,0.0,0,1.58,186.62,0.059,2.64,3.3,206.58
55.5,40.72,1,221.2,50.0,124.34,NonVeg,1.17,11.66,2.04,90,3.32,41.0,0.0373,2.22,5.0,155.27
34.4,11.89,0,132.02,246.72,159.96,Both,0.7,7.22,0.59,0,1.98,202.31,0.048,1.33,3.3,216.79
44.61,28.46,0,83.84,216.79,138.26,MostlyVeg,0.43,9.37,1.42,0,1.26,177.77,0.0415,0.82,2.5,193.17
30.91,33.64,1,69.76,324.41,66.02,NonVeg,0.87,6.49,1.68,90,1.05,266.02,0.0198,1.65,5.0,371.91
54.61,43.02,0,223.48,315.89,161.02,Veg,0.65,11.47,2.15,0,3.35,259.03,0.0483,1.23,1.7,278.98
81.46,16.6,0,130.67,303.47,115.48,Both,0.87,17.11,0.83,0,1.96,248.85,0.0346,1.65,3.3,273.73
39.44,27.5,0,92.59,258.65,110.03,MostlyNonVeg,0.91,8.28,1.38,0,1.39,212.09,0.033,1.73,4.2,229.1
47.67,31.22,1,5.03,159.97,156.03,Both,0.85,10.01,1.56,90,0.08,131.18,0.0468,1.62,3.3,237.78
33.39,17.16,1,163.76,183.28,73.88,MostlyVeg,1.01,7.01,0.86,90,2.46,150.29,0.0222,1.92,2.5,255.06
46.11,20.88,0,255.89,241.92,178.12,MostlyVeg,0.8,9.68,1.04,0,3.84,198.37,0.0534,1.52,2.5,217.01
46.79,30.86,0,4.17,98.32,108.12,Both,0.65,9.83,1.54,0,0.06,80.62,0.0324,1.23,3.3,96.62
34.84,43.96,3,58.81,213.84,64.6,Veg,0.4,7.32,2.2,270,0.88,175.35,0.0194,0.76,1.7,458.22
61.06,13.43,0,136.74,264.9,97.08,Both,0.38,12.82,0.67,0,2.05,217.22,0.0291,0.72,3.3,236.81
58.35,25.41,1,189.63,232.84,119.44,Both,0.82,12.25,1.27,90,2.84,190.93,0.0358,1.56,3.3,302.19
43.78,37.89,3,217.21,389.91,99.63,MostlyNonVeg,0.4,9.19,1.89,270,3.26,319.73,0.0299,0.76,4.2,609.06
14.86,23.41,2,46.35,219.42,178.85,Veg,1.12,3.12,1.17,180,0.7,179.92,0.0537,2.13,1.7,368.79
52.71,4.75,3,103.32,400.0,200.0,Both,0.85,11.07,0.24,270,1.55,328.0,0.06,1.62,3.3,615.83
65.65,50.15,1,156.9,400.0,79.8,MostlyNonVeg,1.15,13.79,2.51,90,2.35,328.0,0.0239,2.18,4.2,443.06
38.79,28.47,2,123.21,275.7,94.51,Veg,0.82,8.15,1.42,180,1.85,226.07,0.0284,1.56,1.7,420.78
39.53,1.17,1,54.86,230.24,142.54,Both,1.5,8.3,0.06,90,0.82,188.8,0.0428,2.85,3.3,294.17
25.4,13.83,0,120.23,225.07,89.36,Both,0.82,5.33,0.69,0,1.8,184.56,0.0268,1.56,3.3,197.27
37.1,48.9,1,0.0,298.94,125.92,MostlyVeg,1.09,7.79,2.45,90,0.0,245.13,0.0378,2.07,2.5,349.98
53.55,32.65,1,58.6,190.28,142.8,MostlyVeg,0.53,11.25,1.63,90,0.88,156.03,0.0428,1.01,2.5,263.34
13.76,12.24,2,109.69,197.93,110.81,Veg,0.99,2.89,0.61,180,1.65,162.3,0.0332,1.88,1.7,351.06
24.71,19.33,0,174.24,185.48,121.24,NonVeg,0.78,5.19,0.97,0,2.61,152.09,0.0364,1.48,5.0,167.38
76.97,35.6,1,148.3,320.2,144.68,MostlyVeg,1.16,16.16,1.78,90,2.22,262.56,0.0434,2.2,2.5,377.48
46.86,0.0,1,107.39,235.71,165.67,MostlyNonVeg,0.96,9.84,0.0,90,1.61,193.28,0.0497,1.82,4.2,300.81
55.02,40.18,2,197.4,280.33,152.35,Veg,0.56,11.55,2.01,180,2.96,229.87,0.0457,1.06,1.7,429.2
14.78,24.75,0,138.13,164.51,88.46,Veg,1.02,3.1,1.24,0,2.07,134.9,0.0265,1.94,1.7,144.98
33.88,26.67,1,111.51,243.63,110.8,Both,1.38,7.11,1.33,90,1.67,199.78,0.0332,2.62,3.3,305.85
79.57,7.68,0,143.15,152.64,107.65,Both,1.01,16.71,0.38,0,2.15,125.16,0.0323,1.92,3.3,149.66
0.0,41.62,0,100.81,134.46,103.99,MostlyVeg,0.85,0.0,2.08,0,1.51,110.26,0.0312,1.62,2.5,118.0
28.31,12.39,0,56.86,304.09,153.59,MostlyNonVeg,0.87,5.95,0.62,0,0.85,249.35,0.0461,1.65,4.2,262.67
57.65,21.78,0,120.35,279.76,194.15,Both,0.45,12.11,1.09,0,1.81,229.4,0.0582,0.86,3.3,248.62
62.88,32.52,0,187.43,201.37,50.0,MostlyVeg,1.5,13.2,1.63,0,2.81,165.12,0.015,2.85,2.5,188.13
43.58,26.13,0,147.87,235.46,90.46,MostlyNonVeg,0.87,9.15,1.31,0,2.22,193.08,0.0271,1.65,4.2,211.63
83.81,0.74,0,192.95,172.55,100.05,MostlyVeg,0.62,17.6,0.04,0,2.89,141.49,0.03,1.18,2.5,165.73
18.36,9.7,0,63.14,236.14,50.0,MostlyVeg,0.5,3.86,0.48,0,0.95,193.63,0.015,0.95,2.5,202.39
64.14,5.85,0,112.1,170.99,161.53,MostlyNonVeg,0.45,13.47,0.29,0,1.68,140.21,0.0485,0.86,4.2,160.76
54.21,38.73,1,229.46,176.77,200.0,MostlyVeg,1.44,11.38,1.94,90,3.44,144.95,0.06,2.74,2.5,257.01
37.71,10.28,1,74.69,175.49,138.45,NonVeg,0.88,7.92,0.51,90,1.12,143.9,0.0415,1.67,5.0,250.17
36.44,21.92,0,113.7,50.62,94.84,MostlyVeg,0.54,7.65,1.1,0,1.71,41.51,0.0285,1.03,2.5,55.52
52.76,52.14,0,55.91,177.97,184.51,MostlyNonVeg,0.3,11.08,2.61,0,0.84,145.94,0.0554,0.57,4.2,165.29
0.0,4.08,1,141.24,364.21,50.0,NonVeg,1.35,0.0,0.2,90,2.12,298.65,0.015,2.56,5.0,398.55
64.66,25.99,0,79.86,162.18,71.39,MostlyVeg,0.76,13.58,1.3,0,1.2,132.99,0.0214,1.44,2.5,153.03
34.56,31.94,0,166.41,80.84,75.98,NonVeg,0.73,7.26,1.6,0,2.5,66.29,0.0228,1.39,5.0,84.05
22.6,40.2,0,85.05,187.61,75.35,NonVeg,1.09,4.75,2.01,0,1.28,153.84,0.0226,2.07,5.0,168.97
32.42,31.74,0,97.1,202.12,148.57,NonVeg,0.96,6.81,1.59,0,1.46,165.74,0.0446,1.82,5.0,182.46
22.24,45.78,0,83.52,126.9,90.99,MostlyVeg,0.67,4.67,2.29,0,1.25,104.06,0.0273,1.27,2.5,116.07
13.04,33.63,2,109.8,348.58,146.18,Both,0.75,2.74,1.68,180,1.65,285.84,0.0439,1.42,3.3,476.67
54.33,20.43,0,180.49,50.0,111.87,MostlyNonVeg,1.18,11.41,1.02,0,2.71,41.0,0.0336,2.24,4.2,62.61
4.51,16.67,0,24.74,152.54,120.08,Veg,0.73,0.95,0.83,0,0.37,125.08,0.036,1.39,1.7,130.36
64.03,21.05,1,44.13,196.99,154.5,NonVeg,0.99,13.45,1.05,90,0.66,161.53,0.0463,1.88,5.0,273.62
45.24,58.38,0,183.69,130.07,144.47,Veg,0.96,9.5,2.92,0,2.76,106.66,0.0433,1.82,1.7,125.4
63.08,0.0,0,27.12,198.8,89.89,Veg,0.6,13.25,0.0,0,0.41,163.02,0.027,1.14,1.7,179.54
28.88,26.04,0,141.61,198.44,153.85,MostlyVeg,0.67,6.06,1.3,0,2.12,162.72,0.0462,1.27,2.5,176.03
69.25,40.27,0,169.08,349.71,57.26,MostlyNonVeg,0.78,14.54,2.01,0,2.54,286.76,0.0172,1.48,4.2,311.55
74.02,57.14,3,97.24,349.5,60.63,NonVeg,0.65,15.54,2.86,270,1.46,286.59,0.0182,1.23,5.0,582.7
55.71,41.66,1,78.46,293.99,153.18,MostlyNonVeg,1.06,11.7,2.08,90,1.18,241.07,0.046,2.01,4.2,352.29
37.5,39.29,0,175.33,269.05,158.13,MostlyNonVeg,0.3,7.88,1.96,0,2.63,220.62,0.0474,0.57,4.2,237.91
83.34,58.48,0,26.81,310.61,136.14,MostlyNonVeg,1.08,17.5,2.92,0,0.4,254.7,0.0408,2.05,4.2,281.82
16.54,37.98,0,131.27,184.39,169.5,MostlyVeg,0.71,3.47,1.9,0,1.97,151.2,0.0508,1.35,2.5,162.44
60.43,4.25,1,246.91,125.15,147.72,Both,0.52,12.69,0.21,90,3.7,102.62,0.0443,0.99,3.3,213.56
11.25,17.7,1,167.75,234.87,81.84,Both,0.36,2.36,0.88,90,2.52,192.59,0.0246,0.68,3.3,292.37
38.24,22.62,0,94.12,149.6,188.67,MostlyVeg,0.47,8.03,1.13,0,1.41,122.67,0.0566,0.89,2.5,136.69
35.36,6.9,0,172.12,220.45,143.49,Both,0.78,7.43,0.34,0,2.58,180.77,0.043,1.48,3.3,195.95
77.67,20.95,2,0.0,293.32,50.0,NonVeg,0.53,16.31,1.05,180,0.0,240.52,0.015,1.01,5.0,443.9
14.18,28.83,1,184.44,303.64,153.75,Both,0.87,2.98,1.44,90,2.77,248.98,0.0461,1.65,3.3,351.17
50.3,48.94,3,0.0,400.0,52.8,MostlyNonVeg,0.99,10.56,2.45,270,0.0,328.0,0.0158,1.88,4.2,617.11
63.72,0.43,0,84.03,400.0,200.0,MostlyVeg,1.33,13.38,0.02,0,1.26,328.0,0.06,2.53,2.5,347.75
27.89,53.24,0,193.4,256.42,93.47,MostlyVeg,0.52,5.86,2.66,0,2.9,210.26,0.028,0.99,2.5,225.2
19.3,51.41,1,52.44,256.55,144.4,Veg,0.88,4.05,2.57,90,0.79,210.37,0.0433,1.67,1.7,311.2
44.63,8.03,1,143.11,265.18,58.6,Both,1.5,9.37,0.4,90,2.15,217.45,0.0176,2.85,3.3,325.54
7.58,32.42,0,189.39,122.49,86.06,Veg,0.6,1.59,1.62,0,2.84,100.44,0.0258,1.14,1.7,109.36
68.81,29.79,0,108.95,201.72,200.0,MostlyNonVeg,0.71,14.45,1.49,0,1.63,165.41,0.06,1.35,4.2,188.59
37.82,9.84,1,195.48,387.41,108.94,MostlyNonVeg,1.47,7.94,0.49,90,2.93,317.68,0.0327,2.79,4.2,426.07
34.05,27.72,0,149.0,191.96,96.36,MostlyVeg,0.72,7.15,1.39,0,2.24,157.41,0.0289,1.37,2.5,172.08
28.1,48.59,0,43.24,123.14,69.95,Both,0.62,5.9,2.43,0,0.65,100.97,0.021,1.18,3.3,114.45
30.53,10.99,0,89.92,68.66,50.0,Both,0.97,6.41,0.55,0,1.35,56.3,0.015,1.84,3.3,69.77
64.62,27.5,0,177.56,51.05,176.03,Veg,0.56,13.57,1.38,0,2.66,41.86,0.0528,1.06,1.7,62.29
45.13,66.66,0,9.64,292.31,117.7,MostlyNonVeg,1.01,9.48,3.33,0,0.14,239.69,0.0353,1.92,4.2,258.8
32.81,0.0,0,0.0,256.18,114.03,Both,0.3,6.89,0.0,0,0.0,210.07,0.0342,0.57,3.3,220.86
52.21,53.21,1,159.9,258.57,103.03,MostlyNonVeg,1.01,10.96,2.66,90,2.4,212.03,0.0309,1.92,4.2,324.2
64.19,32.47,0,126.39,112.69,169.56,MostlyNonVeg,0.58,13.48,1.62,0,1.9,92.41,0.0509,1.1,4.2,114.76
19.28,37.72,0,106.08,293.43,200.0,MostlyNonVeg,0.89,4.05,1.89,0,1.59,240.61,0.06,1.69,4.2,254.09
48.41,20.92,1,151.37,293.49,174.76,MostlyNonVeg,0.9,10.17,1.05,90,2.27,240.66,0.0524,1.71,4.2,350.11
8.9,34.04,0,80.9,259.15,181.29,MostlyVeg,1.01,1.87,1.7,0,1.21,212.5,0.0544,1.92,2.5,221.76
51.71,28.7,0,2.76,51.0,136.75,Both,1.5,10.86,1.44,0,0.04,41.82,0.041,2.85,3.3,60.35
44.41,20.35,3,106.22,400.0,174.27,Both,1.22,9.33,1.02,270,1.59,328.0,0.0523,2.32,3.3,615.61
32.29,36.45,1,0.0,176.93,118.73,Veg,0.44,6.78,1.82,90,0.0,145.08,0.0356,0.84,1.7,246.26
