Personal_Vehicle_Km,Public_Vehicle_Km,Plane_Journey_Count,Train_Km,Electricity_Kwh,Water_Usage_Liters,Diet_Type,Waste_Kg
41.72,12.38,1,76.28,309.35,67.39,Veg,0.77
33.81,38.71,0,48.22,213.77,146.25,Veg,0.31
5.0,8.78,0,224.99,174.23,200.0,Both,1.0
85.65,39.03,1,13.86,221.52,100.35,MostlyVeg,0.83
47.94,45.9,0,67.21,240.97,118.51,Veg,0.63
35.39,6.87,1,65.09,359.03,157.85,MostlyVeg,0.64
75.02,13.73,0,53.08,137.24,128.18,NonVeg,0.55
9.02,3.8,0,118.01,175.96,149.98,MostlyVeg,0.83
35.16,49.42,0,8.21,319.73,109.04,MostlyNonVeg,0.3
39.23,23.42,0,52.21,102.31,80.77,Both,1.04
10.52,27.18,1,86.74,337.97,154.19,Veg,0.65
22.08,14.64,1,92.17,274.78,123.9,MostlyNonVeg,0.65
0.0,42.05,1,157.29,293.25,153.2,MostlyVeg,0.64
52.37,41.91,2,0.0,400.0,156.78,MostlyNonVeg,1.15
0.57,51.46,0,50.17,292.35,50.89,NonVeg,0.57
64.7,35.93,0,131.99,128.01,165.2,Veg,1.05
4.97,7.75,0,62.22,292.23,63.05,NonVeg,0.88
38.22,27.05,3,177.83,360.06,89.86,MostlyNonVeg,0.96
34.34,5.5,0,34.38,280.72,50.0,Veg,0.75
28.08,26.35,0,27.93,207.55,200.0,Veg,0.35
8.88,15.37,1,100.29,232.25,190.81,MostlyNonVeg,1.03
2.38,17.9,1,0.0,273.48,50.0,MostlyVeg,1.18
0.0,22.62,0,223.84,105.47,50.0,Veg,0.87
53.78,41.64,0,0.0,160.4,143.11,NonVeg,1.13
20.41,29.06,1,174.43,88.06,132.68,Both,0.56
4.53,25.84,1,160.24,325.79,128.1,MostlyVeg,0.61
42.5,35.97,1,22.26,75.82,126.12,MostlyVeg,0.67
83.08,30.41,1,162.15,186.41,136.68,Both,0.92
0.0,31.03,0,47.61,283.36,84.12,MostlyVeg,0.72
0.0,34.96,0,55.61,105.51,59.52,NonVeg,0.52
55.59,33.08,0,83.12,295.07,87.78,MostlyVeg,0.55
66.74,29.27,0,198.97,199.58,200.0,Both,0.35
30.9,39.84,0,10.95,281.13,80.78,MostlyVeg,0.57
37.16,0.0,0,161.73,199.49,136.51,MostlyNonVeg,0.91
73.53,20.99,0,81.74,217.39,54.78,Both,0.76
32.53,18.96,0,254.35,134.86,168.62,Both,0.82
48.09,20.98,0,86.97,281.04,109.96,MostlyVeg,0.66
14.03,28.74,1,16.58,319.77,133.05,Veg,0.97
26.2,6.96,0,175.66,77.43,176.67,MostlyVeg,0.89
27.99,0.41,0,103.65,228.27,59.86,MostlyNonVeg,1.03
56.21,19.62,0,63.03,164.24,73.99,MostlyNonVeg,1.27
12.64,35.51,0,41.45,323.99,163.19,Both,0.56
29.71,0.0,0,201.13,79.93,116.7,MostlyNonVeg,1.18
0.0,33.28,0,156.75,340.45,57.26,Veg,0.91
25.28,33.43,1,182.64,216.92,131.61,Veg,0.7
0.0,31.01,0,125.57,179.83,110.31,MostlyVeg,0.3
24.12,12.79,0,3.76,140.38,141.12,Veg,0.58
25.94,26.8,1,64.38,250.0,88.05,MostlyVeg,0.63
0.0,36.35,2,59.03,310.71,156.78,MostlyNonVeg,1.19
49.01,44.63,0,87.88,279.54,116.4,NonVeg,0.96
87.26,42.06,0,51.36,270.71,102.79,Veg,1.31
0.0,31.77,0,66.23,219.57,180.01,Veg,0.99
52.26,22.63,0,86.56,169.17,200.0,Veg,0.51
43.16,26.23,0,224.62,264.96,187.76,Both,0.87
46.68,37.22,0,161.71,264.72,159.51,Veg,0.84
21.64,26.1,1,43.73,249.4,135.16,Veg,0.8
46.8,7.74,2,57.0,400.0,75.45,Veg,0.61
21.96,26.53,0,151.3,103.84,176.46,MostlyVeg,1.04
84.14,27.75,0,0.0,93.04,113.95,MostlyVeg,0.72
32.87,2.48,0,0.0,195.21,147.3,Veg,0.69
60.21,37.17,0,173.07,263.63,90.06,Veg,1.5
81.25,20.26,0,0.0,214.72,89.71,Veg,0.64
45.06,27.63,0,34.59,131.93,86.28,Veg,0.58
24.19,33.9,0,51.06,240.45,117.99,MostlyVeg,0.3
0.0,23.3,0,190.72,300.83,153.29,MostlyNonVeg,0.42
47.17,30.03,0,52.53,120.69,112.64,MostlyNonVeg,1.28
29.09,1.07,0,41.97,209.08,50.0,MostlyNonVeg,0.79
41.66,39.17,0,172.27,247.77,160.65,Both,1.35
83.99,16.16,1,0.0,224.25,79.84,Veg,0.84
9.98,25.69,1,4.84,189.78,189.64,NonVeg,0.3
45.16,45.02,0,140.78,370.15,124.72,MostlyNonVeg,1.07
28.49,40.1,1,220.4,400.0,114.16,Veg,0.72
50.13,43.27,1,32.41,241.7,127.81,MostlyVeg,0.95
30.19,38.26,0,33.79,222.61,138.0,MostlyVeg,1.23
61.83,24.46,0,78.75,276.15,50.0,Both,0.66
36.58,21.62,2,38.16,263.14,135.95,Veg,0.67
10.37,16.45,1,236.96,201.48,122.42,MostlyVeg,0.3
80.12,13.55,0,149.54,98.79,119.0,MostlyVeg,1.38
57.37,6.9,0,5.9,155.55,131.37,Both,0.91
39.12,36.58,0,79.05,197.32,131.61,NonVeg,0.82
59.24,24.69,0,123.07,169.18,159.05,MostlyVeg,1.25
53.37,28.78,2,140.9,308.87,129.93,Veg,0.95
46.08,45.52,1,146.91,229.41,84.1,MostlyVeg,1.09
51.99,36.97,0,111.97,284.32,77.39,NonVeg,1.26
48.98,36.49,0,99.1,204.49,143.3,NonVeg,0.66
34.42,28.76,1,22.78,361.19,56.11,MostlyNonVeg,0.61
64.87,44.27,0,110.54,274.53,158.83,NonVeg,0.96
68.51,14.56,0,112.37,188.64,62.05,Both,1.35
31.35,31.56,2,211.59,176.01,66.6,NonVeg,0.4
76.72,46.85,0,202.36,204.25,66.71,NonVeg,1.02
41.02,48.7,1,46.79,145.02,169.26,Veg,0.67
14.13,32.35,0,34.94,263.5,175.05,Veg,1.34
12.07,15.35,0,135.25,260.45,152.52,NonVeg,0.88
69.97,33.63,3,70.49,289.89,148.49,Both,0.88
61.45,35.71,0,0.28,234.39,172.75,Both,0.97
1.88,46.86,0,165.22,320.31,88.57,Both,1.01
25.13,11.36,0,0.0,361.05,200.0,Veg,0.3
42.79,42.92,0,0.0,107.35,174.35,Veg,0.75
25.07,40.42,1,129.58,238.13,122.75,MostlyVeg,0.81
22.43,37.4,0,300.0,210.71,122.57,Both,0.99
2.1,13.53,3,128.42,400.0,50.0,MostlyVeg,0.85
37.91,28.78,0,236.82,159.21,106.87,MostlyNonVeg,0.56
45.59,16.0,1,0.0,218.41,200.0,MostlyNonVeg,0.49
50.42,20.15,0,108.37,135.78,132.58,MostlyNonVeg,0.86
0.0,17.06,0,125.05,190.03,167.14,MostlyVeg,0.44
55.49,18.86,2,92.58,247.14,199.24,Both,1.26
46.46,45.25,1,89.86,252.65,50.0,Veg,1.08
24.58,17.73,0,158.13,203.23,84.05,MostlyVeg,0.52
78.78,15.39,1,0.0,338.34,200.0,Both,0.64
48.74,28.34,2,151.22,293.23,178.01,Veg,0.86
31.64,12.77,0,231.81,71.26,95.24,MostlyNonVeg,1.08
100.0,22.66,0,88.62,151.29,191.63,MostlyVeg,0.93
1.53,38.21,0,26.25,323.42,87.92,Both,0.69
33.14,24.01,0,140.1,314.15,123.72,MostlyNonVeg,0.34
98.08,58.06,0,37.63,305.87,182.59,MostlyVeg,0.85
37.1,18.29,0,69.56,148.75,148.22,Both,0.37
49.78,34.51,0,101.32,236.25,50.0,MostlyVeg,0.38
46.05,20.16,0,183.22,131.55,200.0,Both,1.09
47.04,41.64,0,168.0,256.06,174.34,Veg,0.86
97.79,39.53,2,145.38,266.5,106.63,Veg,0.57
0.0,48.62,2,54.3,315.11,78.44,Veg,0.85
21.99,8.88,0,226.55,118.15,178.67,MostlyNonVeg,0.81
65.74,19.36,1,190.02,254.46,199.34,MostlyNonVeg,0.61
43.23,19.39,0,110.41,162.83,172.83,MostlyVeg,0.66
63.76,24.19,0,0.95,88.0,50.0,MostlyNonVeg,0.41
9.89,46.13,1,118.31,189.5,118.95,Both,1.15
35.54,45.55,0,0.0,251.18,133.32,MostlyNonVeg,0.3
46.94,21.55,1,28.8,387.94,68.31,MostlyNonVeg,0.56
68.98,0.0,0,50.18,186.74,189.69,MostlyVeg,1.42
11.36,44.99,0,77.82,162.29,180.77,MostlyVeg,1.12
64.21,38.14,2,0.0,252.2,147.14,NonVeg,1.1
43.47,48.45,0,44.45,134.1,160.41,MostlyVeg,0.67
38.5,26.67,2,249.24,168.39,50.0,Veg,1.03
31.49,49.43,0,72.73,180.76,191.85,MostlyVeg,0.43
75.05,15.39,0,65.92,92.64,116.25,Both,0.9
52.9,39.78,0,102.48,206.61,66.42,Both,0.75
55.59,30.45,1,190.23,391.21,87.01,NonVeg,0.66
88.37,41.48,0,58.81,357.81,113.76,NonVeg,0.92
81.49,35.75,0,217.87,75.68,106.71,Both,0.3
52.91,28.94,1,103.59,371.65,102.53,Both,0.91
32.21,0.0,0,58.31,187.21,51.72,MostlyVeg,0.62
27.42,28.21,0,221.58,274.08,200.0,MostlyNonVeg,0.89
3.0,30.05,0,198.44,339.16,103.34,Veg,1.01
18.37,20.1,0,50.27,181.37,151.31,MostlyNonVeg,0.91
65.6,4.76,0,76.95,159.83,113.88,MostlyVeg,0.75
35.92,19.3,0,104.63,184.48,107.45,Veg,0.86
35.38,3.89,1,0.0,275.57,86.58,Veg,0.3
22.88,27.99,2,104.72,331.01,155.53,NonVeg,0.96
22.26,20.24,1,147.49,212.62,75.82,Veg,0.3
47.23,32.05,0,137.2,242.79,67.11,Both,0.81
30.44,31.72,1,136.6,260.22,144.28,NonVeg,0.77
44.84,6.44,1,2.15,400.0,142.42,NonVeg,0.62
66.82,0.0,0,43.18,187.15,95.99,Veg,0.63
68.21,11.44,1,0.0,319.25,159.2,MostlyNonVeg,0.87
26.14,28.11,0,124.39,50.0,124.49,MostlyVeg,0.53
68.89,25.4,0,108.98,147.76,137.4,MostlyVeg,0.79
20.76,5.12,3,166.33,313.34,50.0,MostlyVeg,1.16
4.65,18.0,0,105.95,175.87,106.52,MostlyNonVeg,0.6
50.18,6.63,1,91.56,212.64,121.48,MostlyVeg,1.26
65.93,25.33,2,0.0,275.44,68.85,NonVeg,1.24
15.39,4.57,1,63.08,382.17,139.43,Veg,0.84
64.25,39.37,1,84.97,121.6,197.71,NonVeg,0.43
34.75,25.05,0,161.92,226.12,171.06,Both,0.53
32.66,28.88,3,205.42,353.63,116.71,NonVeg,0.54
46.42,34.75,0,144.58,50.0,102.54,MostlyNonVeg,0.41
90.26,7.51,0,116.4,204.93,175.57,Both,0.99
83.66,41.45,1,70.72,249.03,189.36,MostlyNonVeg,0.62
80.28,21.15,0,118.33,159.99,176.79,MostlyVeg,1.05
57.42,23.58,2,139.59,324.02,92.6,MostlyVeg,1.21
52.84,22.41,1,0.0,201.15,134.52,NonVeg,1.49
17.17,8.27,0,168.75,127.18,155.08,Veg,0.92
48.52,53.34,0,57.29,300.3,54.89,Veg,1.5
52.08,0.0,1,0.0,208.59,52.22,Veg,0.64
73.47,15.53,1,69.81,96.01,91.17,Veg,0.96
45.31,40.08,0,149.42,133.69,59.3,Both,1.08
68.95,18.53,0,20.88,243.94,83.84,Veg,0.83
58.29,53.17,0,100.47,222.78,153.4,MostlyNonVeg,0.35
26.44,20.44,0,129.87,343.33,149.41,MostlyNonVeg,0.76
32.8,0.0,3,114.04,272.6,112.7,MostlyNonVeg,0.42
24.56,34.16,3,0.49,400.0,50.0,MostlyNonVeg,0.38
20.3,11.56,1,192.19,309.12,113.11,Veg,0.94
42.09,7.33,2,50.2,331.24,100.26,MostlyVeg,0.78
8.91,11.37,0,0.0,120.49,107.6,Veg,0.87
30.53,43.76,2,96.19,245.61,133.65,Both,0.66
99.01,19.81,0,44.62,254.8,169.7,Both,0.3
42.69,42.28,0,30.65,251.94,113.48,Both,0.93
41.06,49.41,2,84.82,400.0,50.0,Both,1.26
27.11,18.4,0,67.9,280.39,121.3,NonVeg,0.44
6.98,12.98,0,106.26,305.39,173.28,Both,0.63
66.39,0.0,0,155.73,240.09,125.0,Veg,0.82
8.06,33.14,0,93.37,215.13,80.33,NonVeg,0.57
98.95,12.03,0,0.0,226.66,126.57,Both,0.63
21.29,17.15,0,127.21,148.84,126.31,MostlyNonVeg,0.63
2.27,23.94,0,22.31,278.24,166.01,NonVeg,0.45
28.18,27.94,0,162.06,284.54,113.59,Veg,0.71
21.7,40.8,0,19.49,155.25,165.37,Veg,0.45
63.26,0.0,1,153.9,125.03,82.25,Veg,0.59
43.05,0.77,3,78.75,377.87,97.99,Veg,0.92
27.86,59.43,2,0.0,332.06,66.46,Both,1.0
55.99,17.45,1,56.11,239.0,150.33,MostlyVeg,0.66
73.58,20.13,2,138.8,317.57,119.55,MostlyNonVeg,0.98
47.87,16.42,0,90.77,174.79,68.35,Veg,0.3
12.95,16.09,0,178.64,110.02,200.0,MostlyNonVeg,0.7
57.49,52.69,0,123.61,275.5,50.0,MostlyNonVeg,0.81
66.38,37.36,0,106.6,197.1,200.0,MostlyVeg,0.86
79.62,7.87,0,195.49,299.71,139.05,Veg,1.26
63.36,22.63,0,102.79,214.08,178.18,MostlyVeg,1.15
61.02,21.16,1,160.68,364.38,69.71,MostlyNonVeg,1.39
1.95,0.0,0,150.63,264.63,154.58,Veg,0.41
62.94,52.07,3,60.39,177.98,171.86,Both,0.9
38.23,0.0,0,111.98,193.79,108.82,NonVeg,0.92
78.32,21.84,0,135.13,261.33,133.51,MostlyVeg,0.68
58.51,42.29,1,171.72,189.51,50.0,Both,0.82
59.0,16.96,0,85.05,185.98,142.37,Both,0.95
49.72,21.06,0,109.22,162.32,50.0,NonVeg,0.36
35.17,47.32,0,92.92,133.58,145.44,Both,0.95
32.26,0.0,0,101.68,342.83,186.46,NonVeg,0.75
65.82,22.96,1,205.34,209.82,187.07,NonVeg,0.71
57.92,12.81,0,25.35,194.89,104.91,MostlyNonVeg,1.2
9.61,12.08,1,78.39,168.34,131.55,MostlyNonVeg,0.89
12.08,39.62,1,0.0,240.93,128.09,MostlyVeg,0.38
40.63,36.92,0,109.09,84.69,90.69,Veg,1.11
50.84,16.71,0,100.93,111.41,200.0,MostlyVeg,0.3
13.52,37.58,0,219.05,51.4,109.65,MostlyNonVeg,0.78
27.1,42.41,1,245.98,370.93,101.58,Veg,0.91
43.03,29.99,1,273.47,212.28,84.32,Veg,0.92
40.24,0.0,1,94.3,332.9,174.59,MostlyVeg,0.43
35.38,31.11,0,166.14,73.18,81.96,Both,1.22
45.8,16.01,1,110.93,189.32,126.33,Veg,0.45
28.57,27.8,0,108.7,265.68,141.67,Both,0.76
76.14,13.61,3,204.77,400.0,158.67,MostlyNonVeg,0.54
41.38,48.24,0,49.2,118.89,173.88,MostlyNonVeg,0.3
77.55,23.73,1,122.75,373.31,128.76,Veg,0.33
60.43,36.35,1,122.86,233.92,126.47,MostlyNonVeg,0.3
25.38,40.46,3,139.41,269.47,83.18,MostlyVeg,0.55
7.0,15.28,1,13.66,355.79,186.34,Veg,0.99
17.12,51.82,2,99.67,136.93,81.78,Veg,0.51
55.77,17.44,1,206.45,257.17,200.0,MostlyNonVeg,0.54
43.75,8.5,2,100.29,371.77,120.61,MostlyVeg,1.28
59.53,35.68,0,125.81,205.91,69.9,MostlyVeg,1.48
28.77,8.23,0,16.1,50.0,50.0,Both,0.91
28.85,28.65,0,99.21,251.28,50.0,NonVeg,0.3
23.95,10.57,0,18.84,238.85,134.67,MostlyVeg,0.31
77.35,17.23,1,151.74,301.81,150.88,MostlyVeg,0.63
48.52,34.44,2,103.18,342.98,97.18,Both,0.62
28.83,8.47,0,0.0,187.67,152.34,NonVeg,1.02
38.23,47.48,0,0.0,287.84,135.16,MostlyNonVeg,1.0
54.8,0.0,0,44.26,260.67,150.33,NonVeg,0.95
19.78,39.08,0,217.19,226.58,167.94,Both,0.86
15.18,12.78,0,92.19,209.54,127.55,MostlyVeg,0.87
26.62,43.58,2,34.18,227.82,74.23,Veg,0.51
65.61,31.09,2,105.6,159.73,158.95,NonVeg,1.08
43.04,7.62,1,99.76,317.57,118.85,MostlyVeg,0.9
45.48,36.24,0,70.11,353.7,200.0,Veg,0.65
29.22,11.63,0,206.99,151.88,60.61,Both,0.84
6.34,60.14,0,54.91,204.43,154.97,NonVeg,0.8
58.77,34.68,1,155.26,283.36,86.51,MostlyNonVeg,0.86
14.42,28.5,1,81.92,256.66,174.45,Veg,0.34
35.6,29.07,0,62.78,203.4,97.95,Veg,0.62
54.31,29.77,1,124.47,239.97,162.13,NonVeg,0.33
44.29,8.02,0,152.28,279.4,75.1,Veg,0.53
55.97,26.06,0,15.97,99.84,59.05,MostlyNonVeg,0.82
44.09,54.18,1,32.19,281.11,103.34,Both,0.82
73.69,0.0,0,138.86,203.79,50.0,MostlyNonVeg,0.57
53.5,33.52,0,0.0,251.5,131.59,MostlyVeg,0.75
49.15,31.3,0,108.46,59.39,149.76,Both,1.15
60.21,36.34,1,134.19,261.35,142.46,MostlyVeg,0.88
65.93,47.57,0,193.31,249.58,66.72,Veg,0.78
6.51,0.0,1,106.9,289.76,200.0,Both,0.64
44.43,25.61,0,75.97,238.04,133.99,Both,0.85
73.94,20.95,1,0.0,194.4,144.66,Veg,0.73
38.32,10.75,1,151.43,354.77,163.36,MostlyNonVeg,0.8
72.54,3.79,1,68.7,352.78,92.23,Both,0.53
67.1,29.41,0,109.81,123.14,52.35,Veg,1.07
0.0,0.0,0,148.78,187.62,200.0,Veg,0.78
51.62,18.71,0,32.6,208.5,71.0,MostlyNonVeg,0.67
68.21,35.84,2,228.81,372.67,116.77,Veg,1.07
6.76,31.11,2,136.84,193.94,144.97,NonVeg,0.76
18.51,14.48,0,173.52,220.94,50.0,MostlyVeg,0.44
54.43,17.19,0,209.22,284.16,70.1,Both,0.3
9.13,29.44,0,109.47,235.28,102.93,Veg,1.04
45.37,38.15,0,44.85,77.47,180.69,MostlyVeg,0.57
27.58,24.03,0,0.0,90.33,149.68,Veg,0.3
60.14,17.47,0,129.17,80.49,85.18,MostlyNonVeg,1.01
50.94,34.87,0,33.22,116.56,86.41,Both,0.69
78.66,11.85,2,126.62,299.16,160.8,Veg,0.55
33.33,20.79,0,80.77,237.49,165.83,MostlyVeg,1.13
37.79,19.34,3,94.52,400.0,55.04,Both,1.04
0.0,35.17,1,155.25,172.22,101.22,MostlyNonVeg,0.63
6.31,7.65,0,70.02,188.74,79.67,MostlyVeg,0.67
32.86,41.2,0,159.9,151.38,50.0,Veg,0.74
68.41,47.35,1,162.12,393.12,92.66,MostlyVeg,0.62
67.02,26.63,0,0.0,219.12,50.0,MostlyNonVeg,0.93
55.55,43.8,1,156.79,177.62,69.37,NonVeg,0.55
29.5,0.0,0,155.47,253.6,84.44,MostlyNonVeg,1.33
42.33,9.25,1,140.73,168.8,144.82,MostlyVeg,0.9
7.11,35.83,1,279.14,168.66,94.45,Veg,0.88
20.0,26.76,0,253.84,87.94,66.59,MostlyVeg,0.38
0.0,49.27,2,129.67,400.0,129.02,Veg,0.44
19.55,19.78,0,201.67,200.77,99.25,Veg,1.06
33.36,11.19,0,211.65,193.59,121.71,MostlyNonVeg,0.3
46.65,26.67,2,0.0,187.65,50.0,MostlyNonVeg,0.87
43.5,15.26,0,156.08,131.28,70.56,MostlyVeg,1.2
41.29,34.79,3,217.5,400.0,50.0,Veg,0.72
97.08,17.96,2,133.39,270.96,50.0,MostlyNonVeg,0.85
27.6,25.44,0,102.49,395.35,60.33,MostlyNonVeg,1.0
38.43,12.37,0,180.15,207.32,200.0,MostlyVeg,0.81
39.91,28.31,1,140.57,234.96,126.56,Both,0.49
0.0,11.71,1,29.39,131.57,50.0,Veg,0.76
33.99,20.02,3,208.32,379.76,103.18,Both,0.82
79.26,42.24,1,22.86,238.41,56.47,Veg,1.4
42.95,32.99,0,13.54,152.67,55.56,Veg,0.7
32.36,37.61,0,0.0,176.81,129.74,MostlyVeg,0.62
0.0,17.85,0,70.49,206.24,200.0,NonVeg,0.54
29.34,57.39,2,166.71,339.1,130.49,MostlyNonVeg,0.63
81.39,13.93,0,57.21,132.19,50.0,MostlyVeg,0.57
88.74,36.91,1,48.58,354.13,94.84,Both,0.48
85.77,35.25,0,57.35,151.6,162.22,MostlyVeg,0.3
0.66,20.35,1,149.19,172.73,127.44,MostlyVeg,0.83
43.13,15.37,0,103.42,236.48,182.56,Veg,0.91
15.92,36.21,2,197.07,234.67,166.98,MostlyNonVeg,0.67
30.17,21.68,0,25.76,255.55,113.31,Both,1.01
16.54,38.33,0,91.33,244.0,122.57,Veg,0.72
80.17,27.63,3,156.66,400.0,85.22,MostlyVeg,1.08
44.34,45.11,0,149.55,164.99,119.88,MostlyVeg,0.36
48.7,35.64,1,100.31,151.26,57.5,MostlyNonVeg,1.26
59.39,36.48,1,102.65,358.19,119.1,MostlyNonVeg,1.04
52.68,26.34,0,78.21,214.6,141.36,MostlyVeg,0.69
71.64,22.04,0,9.99,253.67,50.0,MostlyVeg,0.74
19.28,39.36,0,0.0,391.1,139.87,Veg,0.93
60.54,18.79,1,40.53,250.28,71.55,Both,0.38
37.99,22.91,0,121.93,199.34,89.97,MostlyNonVeg,0.69
0.0,17.78,0,140.65,107.88,143.39,Veg,1.19
71.27,19.79,0,219.79,344.09,174.54,Both,0.89
37.41,18.07,0,188.91,272.68,83.71,MostlyVeg,0.47
54.2,24.15,0,186.4,190.11,119.46,Both,0.88
26.34,42.66,1,68.05,125.02,117.18,MostlyNonVeg,0.83
54.57,28.1,0,133.06,72.34,178.3,Veg,0.65
24.92,0.0,0,148.29,116.37,99.08,NonVeg,0.42
0.0,41.13,2,97.57,218.88,50.0,NonVeg,0.38
86.84,18.43,0,251.95,164.75,99.36,MostlyVeg,0.87
41.49,25.1,0,289.18,183.34,123.05,MostlyNonVeg,0.48
38.03,10.01,1,96.28,253.15,51.48,MostlyNonVeg,0.53
0.0,24.74,0,69.35,104.19,118.98,Both,1.08
11.08,15.09,1,140.06,334.4,82.73,MostlyNonVeg,0.92
19.65,38.84,1,183.03,174.16,114.13,Both,0.97
57.35,32.25,0,52.7,214.92,200.0,Veg,0.85
35.09,37.42,0,47.14,131.53,73.35,MostlyNonVeg,1.26
39.26,15.88,3,237.9,336.75,186.32,MostlyNonVeg,0.45
28.59,16.24,2,66.77,372.82,71.25,MostlyVeg,0.44
30.89,14.5,3,108.86,259.2,185.99,Both,0.93
34.19,5.88,0,218.0,400.0,181.0,NonVeg,0.7
52.68,53.59,1,4.84,258.09,50.0,MostlyVeg,0.75
81.14,15.85,1,38.6,290.11,126.92,Veg,0.79
25.99,35.9,0,0.0,331.7,58.39,MostlyVeg,0.48
58.12,32.04,0,148.11,227.23,152.48,NonVeg,1.1
11.68,26.56,1,214.79,215.85,195.71,MostlyNonVeg,0.85
14.01,3.71,2,211.72,141.18,105.68,Both,0.39
76.16,27.79,2,0.0,230.94,79.73,MostlyVeg,1.3
61.5,45.18,1,80.13,150.34,138.74,MostlyVeg,0.85
27.51,16.74,0,145.85,50.0,123.02,Both,0.74
55.91,25.66,0,0.0,177.26,167.56,Veg,0.3
21.33,36.52,1,0.0,395.11,73.48,NonVeg,0.74
71.47,10.01,0,63.02,237.95,107.55,MostlyVeg,0.52
13.72,8.33,1,161.87,121.6,121.6,Both,1.03
64.82,31.06,0,103.74,199.85,112.01,MostlyVeg,0.46
51.52,46.72,0,252.58,139.69,146.93,MostlyNonVeg,1.19
54.93,21.37,0,203.11,337.96,165.61,MostlyVeg,0.38
45.58,49.61,1,79.68,264.01,122.07,MostlyVeg,0.92
31.29,28.89,1,0.0,169.65,50.0,Veg,0.94
3.97,42.85,0,108.65,104.86,83.31,Both,0.58
53.67,10.49,1,0.0,169.28,101.52,MostlyNonVeg,0.85
29.64,16.93,0,79.64,173.25,91.6,NonVeg,1.16
48.22,0.0,0,152.76,248.13,125.48,Both,0.88
27.61,31.16,0,188.47,318.32,187.36,Veg,1.26
54.89,30.03,0,98.52,198.03,166.72,MostlyNonVeg,1.15
36.16,13.53,1,229.96,389.0,93.44,MostlyVeg,0.59
61.89,15.93,0,60.5,230.36,188.54,Both,0.66
100.0,6.78,2,78.06,281.67,101.28,Both,0.62
26.53,15.03,1,151.77,96.02,115.15,MostlyVeg,0.55
0.0,57.5,0,154.32,207.38,123.55,Both,0.96
56.23,34.59,0,76.72,171.67,200.0,Veg,0.83
0.0,19.6,0,108.25,83.99,153.62,MostlyNonVeg,0.5
46.52,42.67,0,53.45,202.52,146.43,Veg,1.12
35.62,23.2,0,0.0,189.07,195.08,MostlyVeg,0.35
36.0,37.8,2,0.0,382.65,185.93,NonVeg,1.22
24.4,38.64,0,212.14,261.33,91.85,MostlyNonVeg,0.96
23.89,49.92,1,182.09,221.01,100.74,MostlyVeg,0.59
49.24,33.5,0,81.31,240.86,185.42,MostlyNonVeg,0.72
0.0,21.76,0,0.0,225.76,73.96,Both,0.58
46.27,17.26,0,141.42,252.62,165.22,NonVeg,0.93
54.1,14.82,0,93.87,84.62,50.0,NonVeg,0.74
29.95,35.12,0,36.63,335.06,50.0,Veg,1.22
18.0,47.21,0,208.15,190.74,163.28,MostlyVeg,0.92
23.48,32.17,1,154.59,328.25,62.31,Veg,0.58
75.67,22.47,0,87.98,262.17,151.23,Veg,0.54
8.83,32.57,2,149.84,286.78,92.53,NonVeg,1.27
83.39,8.29,2,158.34,383.37,154.49,Both,0.95
43.34,0.0,0,181.23,137.37,92.74,MostlyNonVeg,0.59
100.0,4.12,1,147.29,196.3,50.0,Both,0.94
29.75,55.86,2,182.17,233.1,90.3,Both,0.43
68.21,41.88,0,35.78,178.38,110.4,MostlyNonVeg,0.57
31.05,3.71,0,0.0,196.54,107.03,MostlyVeg,0.66
71.12,0.0,0,89.41,71.35,165.85,Veg,1.5
80.26,53.01,3,23.98,380.11,141.21,MostlyVeg,0.83
0.0,37.74,2,0.0,249.32,125.58,Both,0.3
57.25,37.58,2,78.57,191.47,88.74,Both,0.46
23.32,1.25,0,131.16,249.22,82.32,MostlyNonVeg,0.59
24.2,26.52,0,90.77,166.1,59.95,MostlyNonVeg,0.92
58.07,44.52,1,216.33,190.9,102.17,MostlyNonVeg,0.77
70.14,20.97,1,85.72,381.31,133.05,MostlyNonVeg,0.96
33.25,6.64,0,174.55,155.76,58.58,Both,0.67
63.44,27.67,0,27.15,86.62,90.36,Both,0.3
84.87,38.54,0,94.98,167.4,110.22,NonVeg,0.43
61.5,29.68,0,2.22,51.94,127.48,MostlyNonVeg,0.97
24.06,15.28,0,138.7,211.19,200.0,Veg,0.3
53.67,42.06,0,66.39,106.03,90.67,NonVeg,0.87
44.58,38.95,0,160.92,135.23,50.0,MostlyNonVeg,1.41
23.57,26.12,0,77.86,78.2,104.52,MostlyVeg,0.51
30.89,40.71,0,0.0,262.21,149.67,NonVeg,1.22
53.5,20.25,0,35.25,141.87,151.83,MostlyVeg,0.75
0.0,7.23,0,184.08,258.55,200.0,Veg,1.16
60.12,23.96,0,85.83,142.16,106.77,Both,1.09
26.97,12.94,1,68.96,385.75,60.08,MostlyNonVeg,1.0
13.22,4.32,0,33.73,185.9,50.0,Veg,0.58
18.43,38.81,0,89.77,199.03,200.0,MostlyNonVeg,0.8
43.88,7.56,0,142.4,103.44,50.0,NonVeg,0.49
11.0,23.62,0,184.54,216.74,200.0,MostlyNonVeg,0.83
53.67,14.77,2,123.06,246.99,92.31,MostlyVeg,0.3
7.33,19.35,2,106.41,351.63,200.0,NonVeg,0.95
47.97,40.3,0,84.09,106.8,150.27,Veg,1.03
79.91,30.57,0,223.61,97.26,76.5,MostlyVeg,0.61
42.7,43.56,0,192.36,74.57,148.53,MostlyVeg,0.68
44.54,32.08,0,176.31,120.25,101.92,Both,0.52
64.52,47.46,0,45.6,234.08,109.75,Both,1.06
37.56,12.18,1,249.86,271.83,120.36,MostlyNonVeg,0.83
32.41,31.46,0,0.0,137.27,62.13,Both,1.13
44.41,15.83,0,89.17,251.48,155.89,Veg,1.05
89.62,8.93,0,92.92,279.29,50.0,NonVeg,0.46
5.57,37.24,2,206.73,227.12,79.92,MostlyNonVeg,0.72
85.6,5.66,0,99.93,181.61,138.92,MostlyNonVeg,0.95
31.85,26.37,0,95.16,212.64,50.0,Veg,0.72
33.5,30.38,0,0.0,257.22,182.72,MostlyNonVeg,0.75
25.73,2.05,0,81.45,121.76,134.09,MostlyVeg,0.35
19.57,25.44,3,20.24,281.09,85.29,Veg,1.24
46.82,32.67,1,2.44,192.69,50.0,Veg,0.37
92.33,29.81,0,212.0,74.71,200.0,MostlyNonVeg,0.89
57.65,21.55,0,69.31,129.37,108.65,MostlyVeg,0.96
0.0,0.0,1,276.76,297.91,120.72,Veg,0.76
15.24,34.85,0,7.77,50.0,50.0,MostlyVeg,0.3
25.25,47.49,0,177.86,400.0,81.16,MostlyVeg,1.25
48.7,13.8,1,82.1,288.94,79.31,NonVeg,0.57
25.44,0.0,0,221.1,227.54,129.1,Both,0.77
58.88,29.29,0,62.76,243.06,51.19,MostlyVeg,0.52
0.87,48.51,1,166.83,192.09,154.47,Veg,0.57
50.82,48.84,1,191.67,224.23,200.0,Veg,0.36
32.14,25.56,2,166.83,308.19,137.13,MostlyNonVeg,0.3
42.09,13.56,2,1.18,287.77,145.08,MostlyNonVeg,0.84
41.13,44.84,1,24.35,270.76,177.62,Veg,0.66
26.78,0.36,0,124.72,86.62,58.43,Veg,0.74
2.63,28.81,0,0.0,222.83,171.89,MostlyVeg,1.11
15.07,25.64,1,181.76,390.7,52.15,MostlyVeg,0.59
81.4,41.46,0,0.0,121.03,123.93,MostlyNonVeg,0.3
59.77,51.57,0,232.76,312.08,91.52,Both,0.78
54.89,40.81,1,111.54,259.05,124.25,NonVeg,1.02
93.69,56.6,0,95.65,280.35,88.99,MostlyNonVeg,0.31
8.9,12.85,2,93.42,263.62,142.48,MostlyNonVeg,0.77
91.54,28.91,0,115.97,186.04,86.97,Both,0.51
96.5,25.54,0,96.87,76.21,189.55,MostlyNonVeg,1.5
40.11,48.6,1,138.95,386.5,110.21,Both,1.0
34.61,31.78,1,26.11,303.43,115.38,MostlyVeg,0.78
58.32,26.78,2,74.09,363.34,106.46,MostlyNonVeg,0.6
32.02,27.23,0,0.0,156.91,115.34,NonVeg,0.56
16.71,9.77,2,58.95,355.56,200.0,MostlyNonVeg,0.57
40.3,39.75,0,155.57,50.0,104.25,NonVeg,0.96
42.02,34.7,1,80.39,177.98,50.0,Both,1.0
44.58,18.81,0,157.62,74.59,194.58,MostlyVeg,0.67
72.77,14.73,0,38.53,291.66,176.24,MostlyVeg,0.51
45.0,51.52,1,120.93,183.65,173.19,MostlyVeg,0.97
25.68,40.61,1,162.25,120.63,50.0,NonVeg,0.94
38.25,31.83,0,107.02,323.49,84.42,Veg,0.77
74.24,25.57,0,110.52,236.09,130.9,Both,0.55
60.67,43.93,1,0.0,157.73,200.0,MostlyNonVeg,0.74
31.66,30.9,0,56.96,214.72,177.93,MostlyNonVeg,0.3
79.04,22.59,0,110.51,176.36,125.89,MostlyNonVeg,0.63
33.39,31.61,0,28.33,86.88,50.0,Both,0.3
23.01,5.83,0,129.91,281.26,50.0,Veg,0.96
43.05,22.46,0,91.71,192.94,192.53,NonVeg,0.99
10.66,4.51,0,137.35,237.28,170.4,MostlyNonVeg,0.66
43.07,32.13,0,86.78,173.52,54.03,MostlyNonVeg,0.3
67.71,47.32,2,96.45,176.82,57.82,Both,0.9
0.0,50.71,0,82.19,204.82,182.63,MostlyVeg,0.81
40.19,20.71,3,300.0,400.0,130.55,MostlyNonVeg,0.94
65.96,15.09,1,71.86,252.42,100.59,Both,0.92
23.74,0.0,0,300.0,170.74,72.27,Both,0.81
63.34,37.48,1,0.0,351.31,155.33,Both,0.86
60.11,15.21,0,34.94,224.91,95.48,MostlyNonVeg,1.04
23.57,27.65,0,163.93,150.65,61.76,MostlyVeg,0.8
68.37,0.0,0,144.44,265.89,50.0,MostlyVeg,0.97
64.74,25.88,0,96.6,250.15,193.78,Veg,0.57
0.0,11.3,0,135.09,204.3,154.08,Both,0.42
40.52,0.0,2,100.52,343.85,125.44,MostlyVeg,0.92
4.54,32.53,0,144.97,162.31,141.82,Veg,1.01
40.74,17.85,0,206.46,400.0,148.61,Veg,0.81
23.78,23.41,0,91.57,215.89,143.47,MostlyVeg,0.4
0.0,35.56,1,108.15,171.97,200.0,MostlyVeg,1.01
75.26,7.51,0,169.37,245.73,60.83,MostlyVeg,1.0
36.15,9.28,1,160.45,247.71,96.2,MostlyNonVeg,0.4
6.05,30.39,1,84.13,161.82,82.04,NonVeg,0.78
40.62,23.66,0,91.02,276.49,100.63,MostlyVeg,1.25
43.69,43.09,0,213.72,183.2,102.61,MostlyNonVeg,1.24
48.25,42.96,0,132.18,259.85,161.91,MostlyNonVeg,0.53
93.87,43.96,0,175.05,128.7,200.0,Both,0.62
85.97,17.24,0,172.27,306.92,133.36,MostlyVeg,1.03
0.0,8.54,0,28.93,233.36,168.9,Veg,0.3
50.03,24.83,0,300.0,192.55,138.11,NonVeg,0.71
37.4,27.71,0,84.39,215.94,102.01,MostlyVeg,0.93
23.22,53.91,0,62.6,272.86,52.08,NonVeg,0.63
34.58,11.04,0,79.84,177.42,84.23,Both,0.35
31.79,12.47,1,145.82,296.02,50.0,MostlyNonVeg,0.83
43.67,7.77,0,54.29,267.41,50.0,Both,0.57
63.15,26.82,0,273.23,183.0,111.22,NonVeg,0.68
67.15,32.57,0,105.42,153.97,148.83,MostlyVeg,0.64
76.68,63.42,1,179.3,270.16,90.01,MostlyVeg,1.01
54.98,26.82,0,51.53,96.32,50.0,MostlyVeg,1.03
52.92,27.12,0,144.19,57.78,129.68,MostlyNonVeg,0.75
40.11,13.41,1,120.02,290.2,119.52,Both,0.91
1.09,32.69,0,0.0,222.99,90.69,NonVeg,1.2
31.45,23.53,2,129.54,353.87,129.55,Both,1.03
19.56,34.08,1,89.94,239.06,86.95,Veg,0.74
53.84,25.03,0,168.33,108.4,200.0,Both,1.24
36.02,24.3,1,123.32,200.92,53.42,NonVeg,0.6
4.79,31.23,0,148.33,218.9,94.13,NonVeg,1.14
4.47,17.5,0,218.21,344.76,184.77,Veg,0.39
65.68,17.17,3,39.95,317.36,65.78,MostlyNonVeg,1.43
50.74,20.23,1,50.84,332.39,92.09,Both,0.79
47.92,44.23,0,144.07,137.84,61.61,MostlyNonVeg,0.83
51.48,16.45,0,157.66,291.76,159.33,Veg,0.88
59.68,9.67,0,93.08,190.71,145.61,NonVeg,0.66
29.35,16.93,0,97.71,231.45,96.25,MostlyVeg,1.08
4.24,19.91,2,209.57,208.53,103.42,Both,1.2
77.34,0.0,1,101.06,233.18,106.06,NonVeg,0.87
33.31,37.15,0,128.02,319.22,64.38,MostlyNonVeg,1.18
64.73,22.58,0,129.44,262.28,50.0,Veg,0.71
46.83,9.66,0,0.0,96.23,122.66,Both,0.3
39.88,34.72,0,51.06,172.52,155.94,Veg,0.58
55.49,9.13,0,131.73,146.65,53.92,Veg,0.34
26.18,21.36,0,70.63,237.27,176.45,NonVeg,0.53
53.47,5.97,0,93.66,50.0,198.15,Both,1.5
26.43,21.15,0,134.95,247.03,114.14,Both,1.1
18.39,39.64,1,128.35,307.24,101.61,Veg,0.7
33.45,30.21,2,0.0,295.04,153.17,Veg,0.84
77.94,25.6,0,128.29,200.38,134.49,NonVeg,1.08
0.0,32.23,1,0.0,291.59,77.07,MostlyNonVeg,1.32
20.68,38.77,0,110.59,99.55,153.44,MostlyNonVeg,0.86
15.84,30.6,0,29.82,229.05,84.68,MostlyVeg,1.04
41.57,38.36,1,200.86,348.06,123.64,Both,0.57
60.8,32.75,1,112.46,220.26,66.47,MostlyNonVeg,0.52
16.1,34.32,2,0.0,78.64,157.72,MostlyNonVeg,0.78
17.33,25.48,1,83.89,320.63,180.54,Both,0.75
22.06,28.91,0,42.03,229.91,111.12,MostlyNonVeg,0.66
0.0,27.38,0,63.75,75.05,50.0,Veg,0.97
54.59,44.93,0,220.0,51.91,50.0,MostlyNonVeg,0.7
11.64,6.53,0,70.64,182.38,137.9,NonVeg,1.03
57.17,2.14,2,253.39,233.79,50.0,MostlyVeg,0.33
41.59,36.43,2,70.67,196.29,112.99,MostlyNonVeg,1.23
20.99,15.39,0,112.88,270.4,122.49,Veg,0.76
21.7,39.53,1,219.13,252.33,200.0,Both,0.86
73.51,28.72,1,25.03,309.3,137.9,Veg,0.55
58.9,28.92,0,139.23,260.55,50.0,Veg,0.66
72.99,29.91,0,64.18,258.53,50.0,MostlyNonVeg,0.69
10.69,36.74,0,0.0,221.77,107.24,MostlyNonVeg,0.52
3.72,32.19,0,150.65,86.35,87.93,Both,0.75
31.31,34.08,0,91.75,316.65,55.33,Both,0.67
39.89,28.18,2,86.25,270.36,162.14,NonVeg,0.79
73.61,35.21,0,100.96,267.87,176.86,MostlyNonVeg,0.58
42.09,21.56,0,124.71,255.12,189.18,Both,0.57
54.49,10.09,1,18.49,194.71,116.94,Veg,1.15
0.54,48.29,0,93.16,176.91,133.18,Veg,0.36
26.9,32.06,3,199.63,400.0,161.88,Both,0.41
32.25,25.01,0,217.26,186.6,143.47,Both,0.51
44.97,68.21,0,75.95,203.44,131.19,Veg,0.37
52.01,19.08,1,0.0,280.86,156.74,MostlyVeg,0.85
12.72,39.38,0,10.45,400.0,70.19,MostlyNonVeg,0.43
68.44,8.02,0,28.7,153.32,198.0,MostlyVeg,0.3
23.13,22.48,0,177.14,248.99,105.19,NonVeg,1.35
43.21,32.36,0,123.08,75.59,102.63,Both,0.7
82.46,36.19,0,0.0,120.7,67.3,MostlyVeg,0.88
48.39,47.1,0,35.31,213.18,84.3,Both,0.54
28.28,15.11,1,0.0,102.72,50.0,MostlyVeg,0.31
13.38,30.02,2,131.42,227.26,124.43,Both,0.83
48.29,9.12,0,154.52,275.3,181.02,Both,0.96
31.72,33.9,0,34.91,141.25,200.0,Veg,0.77
30.77,12.06,0,78.02,282.5,114.84,MostlyVeg,0.94
31.03,6.1,3,167.5,312.36,176.47,Both,0.96
81.51,27.28,1,1.17,333.22,103.65,MostlyVeg,0.95
42.3,26.41,2,70.31,250.85,170.39,MostlyVeg,0.32
51.84,14.03,0,53.69,184.41,61.03,MostlyVeg,0.73
48.59,32.73,0,228.51,229.0,108.78,NonVeg,0.3
34.37,32.79,0,17.91,303.31,85.63,MostlyNonVeg,0.82
78.1,28.46,1,77.01,249.99,142.11,Veg,0.89
29.61,17.51,1,153.6,106.73,139.73,MostlyVeg,0.47
61.02,17.99,0,134.49,172.89,163.56,Veg,0.53
52.05,10.17,1,152.43,362.55,130.74,MostlyVeg,1.26
44.6,32.27,0,93.77,209.0,180.8,Veg,0.68
21.25,0.0,2,141.48,283.55,126.46,MostlyNonVeg,0.95
26.17,17.41,0,0.0,129.57,83.6,MostlyVeg,0.86
0.0,51.08,0,0.0,160.67,183.2,MostlyVeg,0.93
51.1,14.31,1,110.96,299.59,133.67,Both,0.73
30.81,30.43,0,117.58,185.9,111.94,MostlyVeg,0.91
51.02,0.6,0,64.51,68.32,169.17,MostlyVeg,0.57
37.83,7.31,0,97.36,267.26,183.65,MostlyVeg,0.75
65.65,0.0,0,118.69,141.83,143.06,Veg,0.96
31.01,17.14,0,124.39,112.22,136.16,Veg,0.86
20.55,26.35,1,146.44,244.92,92.05,MostlyVeg,1.08
97.76,14.64,0,117.64,293.36,161.12,Veg,0.72
18.55,20.06,1,91.25,278.98,117.78,Veg,0.59
54.8,33.16,0,67.81,60.66,200.0,MostlyVeg,0.75
57.42,0.0,0,170.73,135.34,50.0,Both,0.64
69.31,33.87,0,174.2,272.74,59.16,MostlyNonVeg,0.99
31.48,37.16,0,195.02,233.0,117.11,Both,1.12
0.0,52.73,0,131.84,63.4,103.05,MostlyNonVeg,0.63
52.47,23.25,0,0.0,103.32,138.87,MostlyVeg,0.3
11.95,33.18,3,0.0,400.0,63.5,NonVeg,1.48
44.56,34.12,1,133.18,239.61,58.79,MostlyNonVeg,0.56
43.73,19.56,0,48.3,72.22,129.21,NonVeg,1.22
7.87,10.44,0,138.25,200.67,153.83,MostlyVeg,0.8
54.89,26.74,2,119.4,163.01,126.32,NonVeg,0.61
71.63,44.12,1,0.0,222.18,173.08,Veg,1.1
33.48,30.93,0,51.13,251.07,80.17,Veg,1.05
0.0,37.52,2,162.85,304.66,142.32,NonVeg,1.01
41.76,28.28,0,129.65,193.06,136.95,NonVeg,0.58
51.28,13.67,1,8.15,139.62,57.88,NonVeg,0.91
29.14,33.48,1,5.69,134.33,165.25,Both,1.09
52.05,37.35,0,0.0,137.99,200.0,MostlyVeg,0.39
32.06,2.76,1,48.71,339.99,50.0,MostlyVeg,0.36
49.05,50.46,0,156.27,272.99,193.83,NonVeg,0.98
28.92,29.23,1,153.31,56.12,200.0,Both,0.57
24.16,38.18,0,124.72,266.95,93.61,Veg,0.64
12.34,38.7,0,62.06,298.68,147.48,MostlyVeg,0.71
9.54,32.36,0,41.45,207.53,115.63,MostlyVeg,1.01
41.27,2.39,1,146.34,290.51,189.44,MostlyNonVeg,0.3
24.12,24.79,0,75.22,130.03,119.54,Veg,0.48
34.43,21.4,1,132.95,311.51,200.0,NonVeg,0.94
50.72,48.43,1,234.22,185.33,146.47,MostlyNonVeg,0.46
100.0,45.95,0,38.85,112.03,57.11,Veg,0.73
0.0,36.59,1,213.4,346.63,142.99,MostlyNonVeg,0.81
100.0,27.99,1,0.0,190.5,158.33,Both,0.73
65.48,43.51,1,31.27,204.91,106.93,Both,0.53
52.12,12.77,0,36.82,211.76,154.82,MostlyNonVeg,1.03
0.0,12.32,2,159.34,338.21,132.56,Veg,1.01
30.09,17.56,0,124.12,171.76,120.16,Both,0.47
69.18,33.9,0,182.51,303.95,91.31,NonVeg,1.17
40.67,40.68,0,0.0,239.99,118.03,MostlyVeg,0.63
21.44,43.41,0,95.66,207.32,134.34,MostlyNonVeg,0.77
29.23,24.39,0,25.42,50.0,103.36,Both,1.05
6.82,12.03,0,149.26,107.54,182.23,NonVeg,0.84
58.18,20.56,2,35.1,262.79,50.0,Veg,0.95
95.49,45.37,0,0.0,293.76,168.23,Both,1.07
5.76,31.53,1,131.65,138.8,97.42,NonVeg,0.79
49.92,7.8,0,104.47,249.85,136.88,Veg,1.05
38.17,31.28,1,124.83,191.21,134.41,MostlyVeg,0.3
6.31,44.75,1,115.2,273.44,135.31,MostlyNonVeg,0.79
100.0,35.07,0,116.98,259.87,200.0,MostlyVeg,0.92
22.81,16.52,0,20.78,269.51,144.68,NonVeg,0.65
74.6,26.54,0,81.49,261.97,137.05,NonVeg,1.07
42.61,18.54,2,175.22,391.32,181.12,Both,0.54
39.54,25.94,0,45.3,380.65,50.0,Both,1.26
13.29,41.73,2,262.64,357.34,100.58,Both,1.17
64.74,33.23,0,115.28,153.62,79.44,MostlyNonVeg,0.62
43.56,0.0,1,241.64,122.56,178.36,NonVeg,0.76
21.26,25.59,0,199.77,323.84,159.84,Both,0.81
84.84,24.24,0,167.38,248.72,125.15,MostlyVeg,0.82
57.88,16.56,3,25.09,345.06,101.18,Veg,0.67
42.45,3.99,1,0.0,225.82,111.44,Both,0.95
54.11,12.36,0,48.49,161.02,162.76,Both,0.61
40.97,46.26,2,35.93,393.24,111.05,MostlyNonVeg,0.78
79.94,18.33,3,44.1,400.0,96.08,NonVeg,0.58
57.95,45.94,0,179.13,229.03,50.0,MostlyNonVeg,1.23
68.13,8.71,0,162.66,351.56,106.06,Veg,0.88
5.54,21.47,2,61.91,218.83,125.75,Veg,0.33
60.93,28.02,0,64.33,192.64,173.23,MostlyNonVeg,1.26
0.0,41.31,0,92.43,306.82,116.8,MostlyNonVeg,1.15
68.74,52.44,0,66.03,144.08,100.44,NonVeg,1.23
93.19,19.61,0,20.05,189.06,78.99,NonVeg,0.77
30.09,49.59,3,31.23,264.62,114.46,Veg,0.3
32.16,32.51,0,56.67,209.74,186.42,MostlyVeg,0.74
65.8,26.21,2,136.77,375.61,146.17,NonVeg,0.3
64.23,34.42,0,121.1,50.0,88.48,NonVeg,0.52
35.94,42.28,0,264.18,123.27,135.54,MostlyNonVeg,0.98
0.0,42.53,1,153.33,85.95,200.0,NonVeg,1.19
47.41,2.14,1,201.31,167.68,79.36,MostlyNonVeg,0.93
14.78,13.83,0,0.0,276.86,95.23,NonVeg,0.8
43.85,30.09,0,57.67,72.55,122.18,MostlyNonVeg,1.23
32.02,47.24,0,93.87,261.87,170.75,MostlyVeg,0.3
32.02,51.41,1,49.28,293.84,152.63,MostlyVeg,0.68
66.75,19.87,0,56.13,138.06,153.1,Both,0.81
0.0,4.82,1,94.2,256.89,76.13,MostlyNonVeg,0.7
19.64,40.9,0,32.53,50.0,95.94,Veg,1.09
48.1,21.28,0,0.0,311.64,55.14,Both,0.75
56.36,12.39,0,44.47,117.93,103.06,MostlyVeg,1.06
44.24,29.8,0,106.11,161.35,176.37,MostlyNonVeg,1.5
53.85,33.92,0,71.72,181.89,68.24,Both,0.96
52.47,21.79,0,105.62,143.21,143.69,Both,0.74
29.52,13.91,0,54.92,309.75,115.32,Both,0.77
14.86,52.12,1,107.46,285.57,120.81,Veg,0.92
46.36,60.29,0,189.83,397.83,132.02,Veg,1.12
21.41,20.5,0,67.43,104.78,200.0,NonVeg,0.46
69.78,4.4,1,0.0,300.15,136.64,Veg,0.78
94.14,26.71,1,74.51,194.61,106.75,MostlyNonVeg,1.04
13.72,7.46,0,152.77,400.0,50.0,Both,0.62
63.82,66.01,0,70.49,155.54,181.28,NonVeg,0.83
55.23,45.72,0,81.14,79.03,200.0,MostlyVeg,0.56
41.41,31.93,0,63.35,188.83,74.19,Both,0.92
27.25,40.49,0,118.99,195.69,101.79,Both,0.41
17.19,32.28,1,26.65,288.29,134.47,MostlyNonVeg,0.95
0.0,53.35,0,78.77,163.88,184.83,MostlyVeg,0.4
37.21,17.62,1,187.75,353.28,116.01,Veg,0.35
22.55,3.29,0,241.14,73.06,50.0,Veg,1.01
48.82,8.0,1,94.22,240.27,156.81,MostlyNonVeg,1.05
20.93,29.45,0,21.75,54.36,142.1,MostlyVeg,0.93
6.41,33.43,0,2.38,348.69,65.07,Veg,1.07
46.34,32.3,0,183.25,172.34,145.47,Veg,0.74
28.02,11.4,0,207.28,316.51,149.07,Both,0.3
0.1,35.36,1,68.29,298.44,84.53,MostlyNonVeg,0.93
46.76,42.37,0,35.49,228.63,144.9,MostlyVeg,0.74
9.67,0.0,0,143.99,199.62,81.27,Both,0.75
61.29,36.71,0,257.74,212.37,50.0,Veg,0.86
39.09,49.32,1,37.48,230.56,50.0,MostlyVeg,0.45
34.91,17.68,1,107.48,280.72,86.84,MostlyVeg,1.44
36.94,41.46,1,199.14,327.33,166.19,MostlyNonVeg,0.93
21.95,40.87,1,0.0,240.44,200.0,NonVeg,0.94
38.23,13.68,0,82.61,129.88,184.53,NonVeg,0.67
10.17,28.65,0,120.72,63.5,125.28,NonVeg,0.31
67.91,42.52,0,115.34,318.42,188.89,Both,0.77
0.0,2.33,0,135.67,365.29,50.0,MostlyVeg,1.01
66.6,5.12,0,0.0,253.36,152.06,MostlyNonVeg,0.96
61.02,12.32,0,129.97,195.18,81.11,Veg,0.55
40.18,20.33,0,112.91,234.39,154.33,MostlyVeg,0.92
13.95,20.05,1,158.56,239.64,163.04,Veg,0.32
0.0,33.38,0,189.62,101.29,66.72,MostlyVeg,0.73
49.72,22.71,0,93.4,318.13,119.85,MostlyVeg,1.09
41.61,36.22,3,122.45,341.12,50.0,MostlyVeg,0.85
27.53,21.07,0,205.67,208.4,75.16,MostlyNonVeg,0.52
9.06,3.99,1,209.1,215.99,136.14,MostlyVeg,0.53
42.37,32.75,3,76.82,249.46,174.41,Both,1.27
71.43,5.46,1,267.84,279.59,200.0,MostlyNonVeg,0.82
52.84,0.0,0,78.23,145.04,132.94,MostlyNonVeg,0.92
7.93,13.49,0,192.22,278.22,57.24,Veg,0.35
20.78,10.68,0,0.0,209.85,155.53,Both,0.93
66.74,19.08,0,0.0,231.47,173.3,MostlyNonVeg,0.33
29.82,19.45,0,164.52,113.52,78.71,MostlyVeg,0.82
11.41,65.86,0,62.95,217.99,170.69,Both,0.94
26.18,22.05,0,201.23,243.02,172.25,NonVeg,0.3
62.32,43.94,0,109.59,240.37,134.73,Veg,0.97
20.6,19.66,2,111.75,400.0,68.99,Veg,0.7
0.0,35.0,0,68.87,172.67,141.08,Veg,0.46
60.76,43.97,1,43.1,251.76,127.79,NonVeg,0.92
26.95,17.77,2,63.68,314.99,145.05,NonVeg,1.02
30.76,25.92,2,145.31,400.0,147.73,Veg,1.15
49.61,13.36,0,206.71,242.66,64.02,Veg,0.3
44.91,36.86,1,0.0,344.28,130.45,MostlyVeg,1.16
67.0,21.88,0,147.78,188.35,62.9,NonVeg,1.42
54.49,43.13,1,257.05,227.86,170.18,NonVeg,1.05
19.97,10.88,0,11.24,239.96,124.3,MostlyNonVeg,0.83
51.75,20.82,0,56.02,250.68,125.43,Both,0.68
31.88,40.0,1,169.02,252.49,50.0,MostlyNonVeg,1.28
46.62,41.51,0,144.36,220.71,108.02,Both,0.65
60.68,10.45,0,158.4,293.05,50.0,MostlyNonVeg,0.91
67.16,7.98,0,111.4,300.67,126.23,Both,0.74
49.06,15.54,0,120.2,256.51,107.85,MostlyNonVeg,0.73
57.7,35.17,1,187.32,354.05,103.27,MostlyNonVeg,0.86
79.39,43.05,1,134.33,400.0,130.8,Veg,1.27
60.54,10.02,2,49.03,193.91,154.11,Veg,0.57
49.94,29.91,0,8.41,316.15,50.0,Both,0.44
77.48,37.9,0,41.63,172.82,109.22,MostlyVeg,0.47
44.72,21.64,3,244.39,362.18,75.74,MostlyVeg,0.3
32.96,46.36,0,219.18,237.9,107.68,NonVeg,1.03
39.95,17.43,0,65.68,353.74,50.0,Both,1.1
70.75,14.0,0,203.77,335.03,169.04,Both,0.5
52.59,38.55,1,152.34,186.75,116.18,MostlyVeg,0.82
58.38,25.79,0,191.41,212.27,200.0,NonVeg,0.3
0.45,14.37,1,112.7,297.45,200.0,Both,0.3
23.8,60.42,2,114.99,332.82,142.38,Veg,0.71
90.3,29.42,2,60.76,354.7,173.02,MostlyNonVeg,1.2
67.01,4.11,0,165.81,127.42,144.08,MostlyVeg,1.22
58.3,6.22,1,10.83,186.53,138.16,Veg,0.79
35.35,28.26,0,138.77,132.36,50.0,Veg,1.05
3.97,35.94,1,23.76,258.7,131.98,MostlyNonVeg,0.89
41.01,39.11,0,163.48,215.1,94.14,Veg,1.47
83.06,21.02,1,128.29,128.44,174.29,Veg,0.42
52.16,26.75,1,163.94,248.57,144.63,MostlyNonVeg,1.48
20.47,24.64,0,29.67,151.13,78.39,Both,0.6
39.0,23.52,0,117.63,239.83,107.25,MostlyVeg,0.8
41.83,25.6,2,165.48,394.73,50.0,MostlyVeg,0.48
100.0,36.86,0,0.0,213.59,78.69,Veg,0.54
29.67,49.3,2,132.69,207.02,122.17,Both,1.31
0.0,1.7,1,223.31,334.87,113.16,MostlyVeg,1.02
23.24,12.56,0,113.15,293.9,105.22,Veg,1.13
28.13,51.68,3,181.45,261.68,50.0,MostlyVeg,0.59
25.61,17.74,1,94.72,272.43,141.18,Both,0.41
9.95,41.11,3,126.93,294.0,77.18,Veg,1.02
36.74,35.71,0,3.19,246.63,61.83,MostlyVeg,0.62
0.0,16.72,0,37.38,206.08,124.19,MostlyNonVeg,1.21
27.06,23.64,0,111.36,150.85,50.0,Veg,1.24
52.61,24.22,3,179.49,378.8,82.59,Both,1.12
40.14,9.94,0,139.39,159.08,77.99,Veg,0.71
12.93,21.72,1,107.75,341.11,112.78,NonVeg,0.49
0.0,38.31,0,135.45,259.86,200.0,MostlyVeg,0.73
57.63,3.05,0,89.37,386.68,200.0,Both,1.31
0.0,17.49,2,300.0,375.27,139.0,MostlyVeg,0.54
84.81,37.24,2,117.69,400.0,110.38,Both,0.66
46.31,28.09,0,211.7,209.2,95.69,NonVeg,1.09
79.39,8.16,0,132.54,229.26,146.37,NonVeg,0.48
69.87,23.83,0,222.75,153.98,50.0,Veg,0.33
19.06,16.9,2,164.65,277.95,71.35,Veg,1.02
19.44,24.07,1,0.0,170.36,163.43,MostlyVeg,0.76
37.73,0.0,1,0.0,241.05,62.65,Veg,0.62
53.68,29.96,0,97.85,129.45,133.78,NonVeg,1.04
46.44,38.29,0,143.76,115.13,120.15,Both,0.97
37.87,5.34,0,276.9,54.47,161.75,NonVeg,0.3
24.09,20.76,0,86.1,172.84,58.35,NonVeg,0.9
19.97,23.66,0,3.4,140.3,150.34,MostlyNonVeg,0.82
99.43,16.04,0,75.93,215.61,128.87,MostlyNonVeg,0.92
15.69,0.0,0,59.81,232.39,132.38,Veg,1.28
56.03,11.61,3,204.25,400.0,99.23,Veg,1.01
44.31,0.0,0,118.62,234.4,72.65,NonVeg,0.37
38.39,0.0,0,17.94,270.23,178.37,NonVeg,0.82
44.41,15.67,0,34.85,117.36,77.95,MostlyVeg,0.3
34.35,43.47,3,88.86,280.48,134.88,MostlyNonVeg,1.5
40.3,35.29,0,135.51,202.96,168.13,MostlyNonVeg,0.68
27.03,34.47,0,131.32,161.9,70.66,Both,0.53
58.62,4.18,0,0.0,282.45,189.19,MostlyNonVeg,0.76
97.03,4.59,1,207.37,129.27,74.42,Both,0.55
50.81,9.56,0,0.0,211.49,133.81,MostlyNonVeg,0.94
9.98,9.49,0,126.1,116.96,142.01,Both,1.12
53.73,14.71,0,112.22,252.34,172.82,MostlyNonVeg,0.57
26.86,64.81,1,126.05,275.92,85.42,MostlyVeg,0.75
19.39,3.86,0,160.75,225.13,104.45,NonVeg,1.46
29.66,58.62,0,158.96,104.42,104.45,MostlyNonVeg,1.01
8.47,20.86,3,0.63,187.33,111.6,MostlyVeg,1.1
22.03,12.11,1,82.18,165.5,148.53,MostlyVeg,0.54
32.47,20.45,0,25.47,293.68,106.34,Veg,0.42
22.14,17.11,1,143.75,338.69,178.67,Both,0.44
41.9,17.05,1,139.1,212.06,84.12,Veg,1.17
0.0,23.43,0,119.74,50.0,140.52,NonVeg,0.59
14.12,49.83,0,68.23,219.87,200.0,NonVeg,0.89
19.19,19.29,0,58.6,198.19,50.0,Veg,0.96
46.5,28.24,0,56.27,199.44,79.61,Veg,0.56
9.4,30.77,1,0.0,208.03,66.92,Both,0.88
61.18,0.0,3,59.42,284.55,115.3,MostlyVeg,1.25
17.22,27.96,1,82.07,250.45,152.4,MostlyNonVeg,0.92
82.63,16.14,0,70.81,377.29,178.29,MostlyNonVeg,1.03
59.89,23.65,0,91.14,330.44,79.93,MostlyVeg,0.79
66.11,24.15,0,97.48,252.17,125.03,NonVeg,0.8
27.33,28.74,0,222.93,208.08,131.11,Both,1.03
44.94,30.92,1,70.18,208.68,176.85,Both,0.5
50.39,6.64,2,123.5,176.67,101.07,Veg,1.13
25.84,17.03,0,6.37,180.54,135.34,NonVeg,0.72
45.66,27.43,0,117.85,100.0,50.0,Veg,1.27
43.04,29.53,0,114.38,139.87,99.49,MostlyNonVeg,0.31
78.99,28.86,1,23.53,193.67,50.0,MostlyNonVeg,1.05
42.25,60.17,1,106.14,219.11,155.63,Both,0.88
33.12,19.4,2,144.91,250.09,72.26,Both,0.91
38.99,31.43,0,1.77,160.53,92.81,MostlyNonVeg,0.97
20.74,41.51,0,117.1,289.62,167.88,Both,1.14
8.86,0.0,0,35.13,216.8,76.63,Both,0.72
71.17,55.94,1,172.88,243.02,108.26,Veg,0.89
41.43,1.26,1,30.53,204.98,159.87,MostlyNonVeg,0.56
24.52,4.64,2,6.35,388.23,146.2,MostlyNonVeg,1.2
22.15,27.39,0,61.73,256.28,135.19,MostlyVeg,0.8
33.88,0.0,1,145.18,347.02,101.42,MostlyNonVeg,1.1
18.93,6.06,0,140.32,188.85,104.4,MostlyNonVeg,0.82
86.87,24.25,0,0.0,239.14,50.0,NonVeg,1.14
40.75,2.62,0,221.97,167.27,112.39,MostlyNonVeg,0.75
86.13,34.33,0,173.46,139.05,79.3,MostlyVeg,0.39
77.88,25.83,0,126.88,241.64,84.53,Veg,0.35
58.9,15.45,0,138.28,183.75,160.93,Both,0.91
24.38,24.05,1,74.56,331.51,109.2,Both,0.76
65.94,24.48,0,62.07,276.07,187.5,MostlyVeg,1.09
5.67,23.37,3,119.06,245.97,165.44,MostlyVeg,1.09
27.97,30.41,2,50.97,246.12,137.73,NonVeg,0.62
52.52,37.91,0,132.26,75.91,125.17,MostlyVeg,0.84
8.96,14.25,0,89.43,149.62,88.37,MostlyNonVeg,0.55
30.56,21.87,0,209.55,146.29,122.42,MostlyNonVeg,0.65
10.74,1.48,0,88.65,400.0,200.0,MostlyNonVeg,1.14
40.71,16.27,1,57.31,266.99,168.49,Both,0.61
63.83,31.29,0,58.15,58.86,95.95,MostlyNonVeg,0.87
30.24,49.73,1,65.47,134.71,129.45,Veg,0.3
33.22,65.94,0,157.69,367.19,99.82,Both,0.41
0.0,1.88,1,123.87,212.96,102.82,MostlyVeg,0.87
20.6,12.23,0,175.49,175.67,200.0,Veg,0.67
86.5,18.19,0,167.95,212.02,177.37,Both,0.9
52.1,22.04,0,92.08,140.35,50.0,MostlyVeg,0.95
22.86,36.88,1,90.99,313.86,130.99,Both,0.98
57.8,27.45,0,93.41,190.71,76.82,MostlyNonVeg,0.31
60.49,33.09,1,196.16,246.79,173.0,Both,1.03
80.62,28.8,0,122.29,223.73,50.88,MostlyNonVeg,0.3
93.9,18.5,0,140.16,233.1,80.18,MostlyVeg,0.8
72.68,17.2,3,166.28,325.95,100.76,Both,0.91
74.37,39.76,0,10.9,179.82,180.45,MostlyNonVeg,0.82
19.07,29.85,0,80.81,196.21,150.75,Both,0.97
18.56,43.06,0,61.82,190.49,112.25,MostlyVeg,0.48
44.99,18.73,0,261.78,235.16,139.32,MostlyNonVeg,0.99
84.73,17.59,0,141.23,125.9,189.46,MostlyVeg,0.9
79.17,21.29,0,113.34,62.8,89.99,Both,1.15
52.71,29.61,0,0.0,185.42,195.73,NonVeg,0.67
55.71,8.14,0,0.0,212.51,174.76,Veg,0.7
26.26,0.0,2,142.6,365.94,162.92,Veg,0.92
58.92,0.0,0,105.26,227.59,196.7,Both,1.39
55.5,40.72,1,221.2,50.0,124.34,NonVeg,1.17
34.4,11.89,0,132.02,246.72,159.96,Both,0.7
44.61,28.46,0,83.84,216.79,138.26,MostlyVeg,0.43
30.91,33.64,1,69.76,324.41,66.02,NonVeg,0.87
54.61,43.02,0,223.48,315.89,161.02,Veg,0.65
81.46,16.6,0,130.67,303.47,115.48,Both,0.87
39.44,27.5,0,92.59,258.65,110.03,MostlyNonVeg,0.91
47.67,31.22,1,5.03,159.97,156.03,Both,0.85
33.39,17.16,1,163.76,183.28,73.88,MostlyVeg,1.01
46.11,20.88,0,255.89,241.92,178.12,MostlyVeg,0.8
46.79,30.86,0,4.17,98.32,108.12,Both,0.65
34.84,43.96,3,58.81,213.84,64.6,Veg,0.4
61.06,13.43,0,136.74,264.9,97.08,Both,0.38
58.35,25.41,1,189.63,232.84,119.44,Both,0.82
43.78,37.89,3,217.21,389.91,99.63,MostlyNonVeg,0.4
14.86,23.41,2,46.35,219.42,178.85,Veg,1.12
52.71,4.75,3,103.32,400.0,200.0,Both,0.85
65.65,50.15,1,156.9,400.0,79.8,MostlyNonVeg,1.15
38.79,28.47,2,123.21,275.7,94.51,Veg,0.82
39.53,1.17,1,54.86,230.24,142.54,Both,1.5
25.4,13.83,0,120.23,225.07,89.36,Both,0.82
37.1,48.9,1,0.0,298.94,125.92,MostlyVeg,1.09
53.55,32.65,1,58.6,190.28,142.8,MostlyVeg,0.53
13.76,12.24,2,109.69,197.93,110.81,Veg,0.99
24.71,19.33,0,174.24,185.48,121.24,NonVeg,0.78
76.97,35.6,1,148.3,320.2,144.68,MostlyVeg,1.16
46.86,0.0,1,107.39,235.71,165.67,MostlyNonVeg,0.96
55.02,40.18,2,197.4,280.33,152.35,Veg,0.56
14.78,24.75,0,138.13,164.51,88.46,Veg,1.02
33.88,26.67,1,111.51,243.63,110.8,Both,1.38
79.57,7.68,0,143.15,152.64,107.65,Both,1.01
0.0,41.62,0,100.81,134.46,103.99,MostlyVeg,0.85
28.31,12.39,0,56.86,304.09,153.59,MostlyNonVeg,0.87
57.65,21.78,0,120.35,279.76,194.15,Both,0.45
62.88,32.52,0,187.43,201.37,50.0,MostlyVeg,1.5
43.58,26.13,0,147.87,235.46,90.46,MostlyNonVeg,0.87
83.81,0.74,0,192.95,172.55,100.05,MostlyVeg,0.62
18.36,9.7,0,63.14,236.14,50.0,MostlyVeg,0.5
64.14,5.85,0,112.1,170.99,161.53,MostlyNonVeg,0.45
54.21,38.73,1,229.46,176.77,200.0,MostlyVeg,1.44
37.71,10.28,1,74.69,175.49,138.45,NonVeg,0.88
36.44,21.92,0,113.7,50.62,94.84,MostlyVeg,0.54
52.76,52.14,0,55.91,177.97,184.51,MostlyNonVeg,0.3
0.0,4.08,1,141.24,364.21,50.0,NonVeg,1.35
64.66,25.99,0,79.86,162.18,71.39,MostlyVeg,0.76
34.56,31.94,0,166.41,80.84,75.98,NonVeg,0.73
22.6,40.2,0,85.05,187.61,75.35,NonVeg,1.09
32.42,31.74,0,97.1,202.12,148.57,NonVeg,0.96
22.24,45.78,0,83.52,126.9,90.99,MostlyVeg,0.67
13.04,33.63,2,109.8,348.58,146.18,Both,0.75
54.33,20.43,0,180.49,50.0,111.87,MostlyNonVeg,1.18
4.51,16.67,0,24.74,152.54,120.08,Veg,0.73
64.03,21.05,1,44.13,196.99,154.5,NonVeg,0.99
45.24,58.38,0,183.69,130.07,144.47,Veg,0.96
63.08,0.0,0,27.12,198.8,89.89,Veg,0.6
28.88,26.04,0,141.61,198.44,153.85,MostlyVeg,0.67
69.25,40.27,0,169.08,349.71,57.26,MostlyNonVeg,0.78
74.02,57.14,3,97.24,349.5,60.63,NonVeg,0.65
55.71,41.66,1,78.46,293.99,153.18,MostlyNonVeg,1.06
37.5,39.29,0,175.33,269.05,158.13,MostlyNonVeg,0.3
83.34,58.48,0,26.81,310.61,136.14,MostlyNonVeg,1.08
16.54,37.98,0,131.27,184.39,169.5,MostlyVeg,0.71
60.43,4.25,1,246.91,125.15,147.72,Both,0.52
11.25,17.7,1,167.75,234.87,81.84,Both,0.36
38.24,22.62,0,94.12,149.6,188.67,MostlyVeg,0.47
35.36,6.9,0,172.12,220.45,143.49,Both,0.78
77.67,20.95,2,0.0,293.32,50.0,NonVeg,0.53
14.18,28.83,1,184.44,303.64,153.75,Both,0.87
50.3,48.94,3,0.0,400.0,52.8,MostlyNonVeg,0.99
63.72,0.43,0,84.03,400.0,200.0,MostlyVeg,1.33
27.89,53.24,0,193.4,256.42,93.47,MostlyVeg,0.52
19.3,51.41,1,52.44,256.55,144.4,Veg,0.88
44.63,8.03,1,143.11,265.18,58.6,Both,1.5
7.58,32.42,0,189.39,122.49,86.06,Veg,0.6
68.81,29.79,0,108.95,201.72,200.0,MostlyNonVeg,0.71
37.82,9.84,1,195.48,387.41,108.94,MostlyNonVeg,1.47
34.05,27.72,0,149.0,191.96,96.36,MostlyVeg,0.72
28.1,48.59,0,43.24,123.14,69.95,Both,0.62
30.53,10.99,0,89.92,68.66,50.0,Both,0.97
64.62,27.5,0,177.56,51.05,176.03,Veg,0.56
45.13,66.66,0,9.64,292.31,117.7,MostlyNonVeg,1.01
32.81,0.0,0,0.0,256.18,114.03,Both,0.3
52.21,53.21,1,159.9,258.57,103.03,MostlyNonVeg,1.01
64.19,32.47,0,126.39,112.69,169.56,MostlyNonVeg,0.58
19.28,37.72,0,106.08,293.43,200.0,MostlyNonVeg,0.89
48.41,20.92,1,151.37,293.49,174.76,MostlyNonVeg,0.9
8.9,34.04,0,80.9,259.15,181.29,MostlyVeg,1.01
51.71,28.7,0,2.76,51.0,136.75,Both,1.5
44.41,20.35,3,106.22,400.0,174.27,Both,1.22
32.29,36.45,1,0.0,176.93,118.73,Veg,0.44
